GEO.id,GEO.id2,GEO.display-label,HD01_VD01,HD02_VD01,HD01_VD02,HD02_VD02,HD01_VD03,HD02_VD03,HD01_VD04,HD02_VD04,HD01_VD05,HD02_VD05,HD01_VD06,HD02_VD06,HD01_VD07,HD02_VD07,HD01_VD08,HD02_VD08,HD01_VD09,HD02_VD09,HD01_VD10,HD02_VD10,HD01_VD11,HD02_VD11,HD01_VD12,HD02_VD12,HD01_VD13,HD02_VD13,HD01_VD14,HD02_VD14,HD01_VD15,HD02_VD15,HD01_VD16,HD02_VD16,HD01_VD17,HD02_VD17,HD01_VD18,HD02_VD18,HD01_VD19,HD02_VD19,HD01_VD20,HD02_VD20,HD01_VD21,HD02_VD21,HD01_VD22,HD02_VD22,HD01_VD23,HD02_VD23,HD01_VD24,HD02_VD24,HD01_VD25,HD02_VD25,HD01_VD26,HD02_VD26,HD01_VD27,HD02_VD27
Id,Id2,Geography,Estimate; Total:,Margin of Error; Total:,"Estimate; Total: - Less than $10,000","Margin of Error; Total: - Less than $10,000","Estimate; Total: - $10,000 to $14,999","Margin of Error; Total: - $10,000 to $14,999","Estimate; Total: - $15,000 to $19,999","Margin of Error; Total: - $15,000 to $19,999","Estimate; Total: - $20,000 to $24,999","Margin of Error; Total: - $20,000 to $24,999","Estimate; Total: - $25,000 to $29,999","Margin of Error; Total: - $25,000 to $29,999","Estimate; Total: - $30,000 to $34,999","Margin of Error; Total: - $30,000 to $34,999","Estimate; Total: - $35,000 to $39,999","Margin of Error; Total: - $35,000 to $39,999","Estimate; Total: - $40,000 to $49,999","Margin of Error; Total: - $40,000 to $49,999","Estimate; Total: - $50,000 to $59,999","Margin of Error; Total: - $50,000 to $59,999","Estimate; Total: - $60,000 to $69,999","Margin of Error; Total: - $60,000 to $69,999","Estimate; Total: - $70,000 to $79,999","Margin of Error; Total: - $70,000 to $79,999","Estimate; Total: - $80,000 to $89,999","Margin of Error; Total: - $80,000 to $89,999","Estimate; Total: - $90,000 to $99,999","Margin of Error; Total: - $90,000 to $99,999","Estimate; Total: - $100,000 to $124,999","Margin of Error; Total: - $100,000 to $124,999","Estimate; Total: - $125,000 to $149,999","Margin of Error; Total: - $125,000 to $149,999","Estimate; Total: - $150,000 to $174,999","Margin of Error; Total: - $150,000 to $174,999","Estimate; Total: - $175,000 to $199,999","Margin of Error; Total: - $175,000 to $199,999","Estimate; Total: - $200,000 to $249,999","Margin of Error; Total: - $200,000 to $249,999","Estimate; Total: - $250,000 to $299,999","Margin of Error; Total: - $250,000 to $299,999","Estimate; Total: - $300,000 to $399,999","Margin of Error; Total: - $300,000 to $399,999","Estimate; Total: - $400,000 to $499,999","Margin of Error; Total: - $400,000 to $499,999","Estimate; Total: - $500,000 to $749,999","Margin of Error; Total: - $500,000 to $749,999","Estimate; Total: - $750,000 to $999,999","Margin of Error; Total: - $750,000 to $999,999","Estimate; Total: - $1,000,000 to $1,499,999","Margin of Error; Total: - $1,000,000 to $1,499,999","Estimate; Total: - $1,500,000 to $1,999,999","Margin of Error; Total: - $1,500,000 to $1,999,999","Estimate; Total: - $2,000,000 or more","Margin of Error; Total: - $2,000,000 or more"
0400000US47,47,Tennessee,1688565,10002,29439,1123,15634,836,14066,766,14532,1007,14410,801,18476,859,13922,720,39681,1158,49073,1485,61146,1759,68522,1561,81546,1514,72415,1612,173851,2736,165673,2928,179755,3107,113720,2369,168661,2502,120222,2563,127351,2106,57327,1575,54327,1434,18521,821,9058,467,3001,300,4236,337
0500000US47001,47001,"Anderson County, Tennessee",20584,557,394,135,246,82,193,79,193,110,159,81,207,104,337,168,743,190,711,165,632,175,971,173,1365,308,1075,223,2434,298,1739,237,1886,210,1284,244,2124,328,1465,227,1300,198,372,111,561,127,111,47,69,46,13,21,0,29
0500000US47003,47003,"Bedford County, Tennessee",11631,432,197,111,59,47,59,55,144,77,53,53,101,60,47,39,268,97,292,121,513,193,679,183,961,254,651,171,1493,254,1590,288,1138,213,708,196,1025,185,479,121,577,138,180,89,164,69,60,42,118,93,41,43,34,31
0500000US47005,47005,"Benton County, Tennessee",5066,273,230,104,167,59,71,40,92,60,145,71,83,38,75,54,317,94,211,64,301,70,492,118,399,104,143,56,469,102,367,95,491,110,227,78,284,71,104,42,205,80,67,42,57,39,42,35,6,8,8,11,13,20
0500000US47007,47007,"Bledsoe County, Tennessee",3533,243,67,40,135,63,41,40,38,36,104,69,7,10,95,58,125,78,134,73,145,88,110,64,248,88,134,74,333,122,275,86,238,112,299,103,479,167,189,90,225,99,22,27,50,46,24,28,3,9,13,21,0,19
0500000US47009,47009,"Blount County, Tennessee",37372,669,783,144,359,123,341,112,344,123,134,66,204,75,74,44,392,112,530,175,779,178,705,151,1473,270,1216,221,3396,382,4079,441,4971,475,3067,372,4563,418,3410,361,3380,388,1305,247,1208,202,325,104,121,62,138,55,75,49
0500000US47011,47011,"Bradley County, Tennessee",26120,737,294,114,332,104,271,142,161,79,176,82,175,94,204,120,386,158,379,122,576,173,599,151,1563,328,1810,325,2628,258,3486,410,3451,372,2019,321,2861,381,1611,240,1691,284,621,193,529,162,172,85,87,56,22,23,16,26
0500000US47013,47013,"Campbell County, Tennessee",10980,456,280,98,121,64,140,81,180,66,139,66,265,100,398,124,816,199,701,159,735,155,773,199,824,187,430,120,1195,185,805,185,918,173,642,200,423,101,371,114,285,101,173,81,268,91,51,57,42,42,0,26,5,9
0500000US47015,47015,"Cannon County, Tennessee",4015,219,70,45,50,48,17,26,68,44,7,10,27,31,54,55,147,59,31,19,178,111,157,90,330,100,111,60,411,110,316,91,468,130,236,70,409,122,425,129,253,113,47,36,153,85,36,33,0,19,4,5,10,18
0500000US47017,47017,"Carroll County, Tennessee",8204,345,148,67,190,74,83,54,97,52,213,83,319,93,184,82,496,115,521,139,703,135,613,161,784,175,616,159,742,185,560,116,670,144,218,87,406,107,277,113,231,91,36,31,50,33,34,33,13,21,0,23,0,23
0500000US47019,47019,"Carter County, Tennessee",16656,444,613,144,388,114,248,93,259,117,279,106,399,146,107,65,382,123,600,139,849,146,947,200,1144,194,744,174,2351,311,2094,290,1613,250,977,203,1337,191,523,133,498,126,113,55,97,56,26,24,49,39,0,29,19,18
0500000US47021,47021,"Cheatham County, Tennessee",11599,324,154,74,76,53,84,45,49,42,48,38,36,40,69,50,73,50,204,106,138,73,262,97,420,138,306,103,1074,174,1572,252,1508,214,1276,215,1698,198,1021,170,870,145,286,86,268,102,23,26,36,41,28,30,20,19
0500000US47023,47023,"Chester County, Tennessee",4500,293,60,50,101,79,30,31,125,81,136,68,30,34,40,46,239,98,131,79,358,125,145,58,272,117,170,71,748,179,467,139,299,134,364,137,365,117,204,83,143,76,52,41,14,16,7,11,0,19,0,19,0,19
0500000US47025,47025,"Claiborne County, Tennessee",9234,365,242,103,271,114,69,41,160,75,122,69,142,73,82,62,444,98,311,92,897,160,647,140,683,137,403,133,1321,192,740,149,695,167,626,178,419,115,353,106,218,69,170,85,186,107,18,25,0,26,15,24,0,26
0500000US47027,47027,"Clay County, Tennessee",2359,147,42,34,50,41,31,32,57,47,47,40,179,85,0,17,77,49,172,74,209,84,103,61,210,100,80,48,289,103,79,45,225,104,161,72,129,64,68,53,85,51,45,39,21,29,0,17,0,17,0,17,0,17
0500000US47029,47029,"Cocke County, Tennessee",9964,465,311,121,187,89,150,72,224,93,155,68,119,75,386,164,496,180,393,134,595,165,549,156,582,155,497,146,1176,191,956,206,828,175,560,159,719,175,505,131,378,128,104,67,28,21,28,34,28,34,0,26,10,17
0500000US47031,47031,"Coffee County, Tennessee",14625,504,310,104,107,56,277,130,284,174,77,43,341,130,69,52,369,128,745,177,574,172,1016,230,833,171,943,220,1904,318,1410,233,1197,227,613,194,1189,169,967,224,929,196,136,86,196,80,55,51,42,33,4,7,38,34
0500000US47033,47033,"Crockett County, Tennessee",3770,189,63,38,6,6,29,22,21,15,68,49,116,48,67,33,173,61,208,58,249,70,416,95,257,62,315,80,500,120,250,73,194,61,124,60,379,102,106,39,139,58,38,24,37,23,9,14,6,9,0,19,0,19
0500000US47035,47035,"Cumberland County, Tennessee",19627,464,248,89,176,81,411,137,237,94,336,118,401,129,232,92,548,157,565,143,814,167,880,192,826,140,790,185,2198,263,1827,252,2318,280,1335,219,1871,242,1047,195,1293,200,723,173,324,91,127,64,12,14,15,16,73,83
0500000US47037,47037,"Davidson County, Tennessee",148731,1787,1595,278,550,149,436,114,375,129,333,104,270,103,255,100,599,149,851,149,1159,207,2120,314,3539,398,4048,403,14104,858,16600,863,18524,844,11352,776,18221,803,12935,635,16869,834,8289,578,8554,582,3640,353,1948,220,846,161,719,124
0500000US47039,47039,"Decatur County, Tennessee",3473,197,74,31,50,36,21,20,75,48,44,32,77,45,32,23,173,75,387,108,262,69,246,85,245,75,278,78,247,76,181,60,314,95,196,73,204,85,107,44,131,49,39,36,55,37,7,8,23,24,0,19,5,8
0500000US47041,47041,"DeKalb County, Tennessee",4896,303,50,34,24,22,72,43,36,31,53,51,57,47,62,50,223,96,197,82,215,93,351,123,225,100,223,73,529,122,536,128,734,184,389,134,296,103,234,92,191,67,69,43,75,36,25,22,30,22,0,19,0,19
0500000US47043,47043,"Dickson County, Tennessee",13571,418,279,100,87,52,79,56,48,38,137,71,246,100,25,24,117,57,363,123,488,144,512,165,632,156,657,204,1784,275,1564,251,1788,277,904,197,1480,224,988,200,1003,227,142,61,137,56,24,27,29,46,0,29,58,85
0500000US47045,47045,"Dyer County, Tennessee",9428,449,186,99,78,47,100,68,104,69,285,141,94,65,264,109,517,164,525,155,649,164,619,153,704,185,726,204,1112,243,799,214,644,169,424,150,578,155,383,126,452,144,90,85,64,58,0,26,11,20,0,26,20,22
0500000US47047,47047,"Fayette County, Tennessee",12028,292,145,66,101,54,66,50,78,43,96,49,67,50,57,34,252,80,395,105,393,112,450,112,361,90,336,128,826,147,1118,232,1005,183,673,117,1391,201,1503,223,1390,194,617,136,425,83,153,62,81,43,9,16,40,29
0500000US47049,47049,"Fentress County, Tennessee",5580,281,182,87,106,55,209,102,104,57,131,64,146,101,124,84,350,156,354,123,199,69,299,95,316,132,181,74,606,127,478,127,373,133,126,67,403,133,333,122,182,71,163,96,124,66,25,22,66,53,0,19,0,19
0500000US47051,47051,"Franklin County, Tennessee",12015,437,152,69,173,82,149,85,211,102,101,56,220,90,72,48,459,153,296,92,538,154,561,138,961,191,834,198,1556,293,1043,166,1044,163,771,179,659,170,784,140,619,150,274,95,356,122,147,67,12,14,0,26,23,36
0500000US47053,47053,"Gibson County, Tennessee",13438,533,372,137,151,77,177,63,66,46,283,123,298,109,343,111,540,116,1052,221,1110,196,1039,207,864,191,875,221,1428,287,1040,198,1070,179,735,187,794,193,426,109,465,170,133,88,121,83,29,31,27,27,0,26,0,26
0500000US47055,47055,"Giles County, Tennessee",8086,332,126,60,113,66,77,51,47,34,109,61,85,50,171,89,245,87,381,80,226,89,619,133,564,119,521,124,932,168,748,147,804,182,461,138,625,130,309,82,432,128,201,77,145,70,71,54,67,40,0,23,7,11
0500000US47057,47057,"Grainger County, Tennessee",7061,250,375,105,96,51,95,46,73,50,92,51,132,61,39,28,281,97,241,108,446,158,474,115,526,127,245,79,976,189,492,129,478,111,420,119,498,141,273,86,356,132,165,73,146,68,78,66,42,31,0,23,22,24
0500000US47059,47059,"Greene County, Tennessee",19864,552,476,121,357,137,209,124,272,100,209,81,273,102,230,101,936,213,651,163,1009,187,1363,268,1399,260,1335,266,2078,246,1642,221,2250,318,1093,209,1275,202,960,192,948,193,340,110,261,75,168,82,63,69,2,3,65,44
0500000US47061,47061,"Grundy County, Tennessee",3670,196,107,51,72,32,68,43,111,55,126,77,104,40,105,55,227,72,223,72,269,99,346,99,315,104,229,72,303,71,276,67,245,65,73,34,165,66,117,47,70,34,38,28,61,58,0,19,14,11,0,19,6,10
0500000US47063,47063,"Hamblen County, Tennessee",16081,542,446,176,162,69,96,66,137,102,66,52,47,43,75,50,395,177,365,126,606,174,761,189,1133,249,1009,223,2080,352,2663,382,1996,297,1110,191,1129,255,638,169,647,152,256,98,171,89,75,48,18,21,0,29,0,29
0500000US47065,47065,"Hamilton County, Tennessee",89631,1276,1061,207,710,194,537,118,315,129,291,87,412,106,284,107,839,152,1509,247,1919,314,2545,284,3502,395,3611,394,9678,582,9911,684,11963,593,7785,622,9889,590,6913,536,7925,566,3249,360,2914,291,963,236,535,134,178,74,193,73
0500000US47067,47067,"Hancock County, Tennessee",2094,145,141,64,86,51,8,13,52,35,106,57,81,54,38,27,49,30,164,64,128,57,153,54,118,50,43,30,272,96,194,73,148,54,63,45,81,49,84,54,38,28,23,27,14,21,0,17,10,16,0,17,0,17
0500000US47069,47069,"Hardeman County, Tennessee",6039,296,102,46,103,70,106,86,187,95,214,87,195,86,82,49,412,144,350,97,345,103,529,142,726,178,311,92,619,148,505,135,390,107,95,48,317,100,157,72,176,72,39,28,47,29,0,23,12,20,12,16,8,12
0500000US47071,47071,"Hardin County, Tennessee",7596,387,85,50,219,94,127,72,172,88,277,142,277,116,188,89,302,101,515,122,396,127,410,123,440,163,154,62,800,171,609,140,661,148,350,124,614,178,309,90,323,101,155,65,136,77,20,23,14,17,43,41,0,23
0500000US47073,47073,"Hawkins County, Tennessee",17302,505,604,194,225,95,428,148,200,91,325,131,343,127,309,101,454,110,752,154,744,167,850,208,974,191,1025,211,2304,312,1859,273,1970,259,1053,241,920,161,816,196,646,144,126,63,209,90,23,26,79,64,4,10,60,46
0500000US47075,47075,"Haywood County, Tennessee",4258,249,79,48,58,46,13,15,62,40,19,20,85,48,46,28,139,64,186,62,351,90,413,108,383,109,198,88,568,116,460,109,271,89,214,75,142,73,342,108,127,53,19,22,41,46,18,22,0,19,0,19,24,28
0500000US47077,47077,"Henderson County, Tennessee",7831,450,182,77,160,96,53,39,294,144,133,79,205,108,161,96,330,115,329,130,446,148,686,159,753,172,681,176,869,189,600,164,516,158,308,121,546,151,191,65,186,77,122,68,43,38,37,32,0,23,0,23,0,23
0500000US47079,47079,"Henry County, Tennessee",10173,370,206,86,179,69,151,66,79,45,175,66,182,76,117,67,537,146,650,153,486,117,1088,207,754,159,688,164,1311,241,666,162,636,136,373,117,818,230,265,129,340,116,216,95,157,83,31,40,53,40,6,11,9,10
0500000US47081,47081,"Hickman County, Tennessee",6998,354,95,62,18,21,83,48,78,64,51,35,119,80,60,54,562,195,210,86,562,163,424,150,683,196,387,115,867,182,539,151,582,184,558,191,336,117,300,87,245,93,117,65,48,38,20,17,25,24,9,14,20,32
0500000US47083,47083,"Houston County, Tennessee",2315,157,53,33,46,34,29,20,16,14,11,12,42,26,17,18,109,51,193,77,160,57,272,75,102,45,220,60,220,62,130,62,221,80,109,55,163,71,122,59,44,27,0,17,10,15,16,22,8,13,2,3,0,17
0500000US47085,47085,"Humphreys County, Tennessee",5432,285,83,57,11,12,50,39,33,31,151,93,71,43,94,63,227,105,269,100,381,129,425,112,389,115,453,136,666,143,635,147,307,91,137,53,321,96,293,128,219,79,136,84,43,41,0,19,35,25,3,5,0,19
0500000US47087,47087,"Jackson County, Tennessee",3470,220,16,15,17,18,17,16,104,61,112,55,39,28,58,30,175,62,225,78,225,85,254,70,273,114,104,58,379,124,281,87,354,99,229,97,210,82,135,63,170,78,49,38,30,24,14,22,0,19,0,19,0,19
0500000US47089,47089,"Jefferson County, Tennessee",14751,487,448,142,252,120,261,114,210,95,95,53,153,82,142,83,390,131,334,160,431,129,677,181,740,179,611,129,1948,334,1456,254,1252,210,753,162,1055,158,1074,212,1209,188,428,136,549,145,191,97,71,61,18,21,3,5
0500000US47091,47091,"Johnson County, Tennessee",5305,269,261,78,182,65,50,43,77,51,39,31,132,71,107,68,190,101,182,115,259,84,316,108,292,105,240,83,579,116,360,122,546,156,302,137,310,100,305,111,346,127,93,64,100,90,37,38,0,19,0,19,0,19
0500000US47093,47093,"Knox County, Tennessee",116893,1344,2038,282,824,188,595,177,526,139,436,129,617,160,587,160,1337,257,1973,319,2829,332,3431,312,4430,381,4682,359,11081,607,12216,620,13987,667,10007,568,14593,672,9116,546,9810,515,4693,362,4521,374,1434,211,596,122,238,109,296,85
0500000US47095,47095,"Lake County, Tennessee",1284,104,8,13,30,31,3,4,14,17,30,25,128,55,22,19,87,43,128,55,126,55,129,48,125,64,104,53,112,48,42,35,92,42,32,22,47,36,7,10,0,17,0,17,16,17,0,17,2,3,0,17,0,17
0500000US47097,47097,"Lauderdale County, Tennessee",5590,221,206,80,117,62,35,24,126,48,79,35,215,79,88,42,300,86,523,125,581,148,486,110,388,91,231,89,594,108,485,96,293,80,189,60,318,78,135,60,119,55,9,8,40,42,18,20,0,23,0,23,15,23
0500000US47099,47099,"Lawrence County, Tennessee",11887,392,204,60,173,66,185,77,171,62,336,130,208,59,271,111,485,133,664,149,802,156,903,205,944,185,677,154,1314,196,945,181,1083,206,453,125,845,153,454,126,431,120,136,62,116,53,46,36,30,33,11,11,0,26
0500000US47101,47101,"Lewis County, Tennessee",3674,223,110,66,52,47,78,53,93,73,45,46,18,21,10,16,262,116,276,107,371,111,231,116,349,128,237,120,358,119,179,77,265,117,99,53,230,94,190,95,100,54,20,24,61,66,0,19,0,19,0,19,40,44
0500000US47103,47103,"Lincoln County, Tennessee",9904,435,337,131,159,100,91,72,38,28,131,64,196,100,70,47,306,97,314,88,698,140,516,117,641,170,625,155,1184,202,610,123,1156,198,426,113,847,192,561,145,445,109,269,86,118,75,127,69,27,31,0,26,12,20
0500000US47105,47105,"Loudon County, Tennessee",15282,489,153,74,23,21,171,78,65,53,77,56,33,21,74,52,217,96,379,146,476,147,625,162,713,182,650,175,1454,262,799,157,1135,216,828,165,1619,243,1321,208,1666,219,1060,247,998,231,477,133,99,69,63,57,107,73
0500000US47107,47107,"McMinn County, Tennessee",15115,424,123,54,165,69,118,74,218,128,232,90,363,134,156,99,499,146,746,190,1115,213,802,221,796,160,605,150,1711,268,1471,221,1684,253,1005,223,1597,288,669,161,560,155,226,89,124,65,47,41,33,33,17,28,33,31
0500000US47109,47109,"McNairy County, Tennessee",7428,315,245,82,116,44,27,17,266,103,173,79,247,76,116,43,469,102,471,123,523,131,638,133,562,140,285,91,757,143,839,181,433,84,299,77,364,115,279,96,203,78,16,13,22,19,5,7,36,32,0,23,37,38
0500000US47111,47111,"Macon County, Tennessee",6723,285,81,62,116,68,21,19,160,114,124,65,141,76,58,35,182,73,332,116,440,179,421,129,419,145,399,125,999,207,688,202,506,128,473,167,416,113,225,100,288,114,121,91,62,38,51,55,0,23,0,23,0,23
0500000US47113,47113,"Madison County, Tennessee",23511,484,225,79,234,82,154,73,139,61,176,79,228,86,242,93,615,139,932,173,1088,210,1063,191,1905,330,1499,219,3138,404,2573,341,2653,334,1282,219,2006,309,1450,231,1025,163,340,102,362,110,138,54,28,24,5,7,11,14
0500000US47115,47115,"Marion County, Tennessee",8511,303,248,92,182,77,155,110,71,55,133,65,141,65,167,94,164,64,316,91,319,92,592,146,510,157,408,113,1001,213,848,208,798,164,387,101,565,134,584,131,527,139,184,74,100,41,24,26,87,49,0,23,0,23
0500000US47117,47117,"Marshall County, Tennessee",8608,375,75,45,40,34,75,60,33,26,38,37,150,65,57,47,214,80,347,110,416,130,850,213,745,157,590,159,871,171,758,151,897,214,484,112,554,126,622,161,343,125,198,122,215,107,15,24,15,26,0,26,6,10
0500000US47119,47119,"Maury County, Tennessee",22891,602,401,132,148,75,146,84,149,59,153,80,166,77,62,38,378,180,452,136,902,225,797,178,934,213,1034,208,2671,339,2374,290,2823,319,1974,271,2537,298,1755,272,1889,245,473,127,420,129,122,62,57,42,63,60,11,19
0500000US47121,47121,"Meigs County, Tennessee",3816,170,139,70,135,57,72,52,69,40,9,12,72,42,63,43,131,61,177,70,247,89,209,80,125,55,190,78,366,101,216,70,407,118,279,105,261,78,192,60,194,60,96,57,129,74,20,23,10,14,0,19,8,11
0500000US47123,47123,"Monroe County, Tennessee",13198,493,302,138,217,90,207,108,348,155,203,142,226,117,176,87,449,182,622,186,565,165,734,208,1039,231,614,151,1473,295,1081,233,1230,215,741,181,785,179,847,177,570,156,251,70,261,90,139,62,98,75,20,31,0,26
0500000US47125,47125,"Montgomery County, Tennessee",40631,951,544,177,216,87,206,83,262,111,126,71,210,94,153,66,442,150,447,154,951,210,1058,245,1802,260,2478,312,5084,394,5429,490,6052,541,3823,442,4996,512,2735,392,2024,253,952,202,348,120,119,67,120,58,40,41,14,16
0500000US47127,47127,"Moore County, Tennessee",2195,116,50,36,16,25,17,20,0,17,43,45,0,17,35,34,42,31,87,58,27,28,138,76,92,48,28,30,187,93,127,61,325,107,144,77,208,70,153,61,204,81,142,65,72,42,32,27,0,17,0,17,26,29
0500000US47129,47129,"Morgan County, Tennessee",5994,292,115,49,52,43,204,92,32,27,181,90,268,107,81,43,222,94,338,128,364,128,510,152,582,128,297,107,768,140,372,106,550,138,196,84,364,90,230,79,196,77,20,21,19,21,6,10,19,20,0,23,8,14
0500000US47131,47131,"Obion County, Tennessee",8631,247,119,49,65,26,120,59,103,45,136,53,190,72,206,68,489,120,607,109,827,142,844,155,806,146,442,93,965,147,675,148,601,154,308,101,316,94,285,92,331,116,120,48,38,29,8,12,9,13,0,26,21,16
0500000US47133,47133,"Overton County, Tennessee",7028,262,206,85,78,40,59,46,162,77,119,67,140,92,78,41,192,67,329,128,394,129,320,103,601,122,335,85,853,166,452,122,789,164,420,125,450,110,440,131,342,89,75,42,103,57,50,67,34,32,7,12,0,23
0500000US47135,47135,"Perry County, Tennessee",2700,160,104,57,34,23,32,25,49,46,38,23,166,72,106,81,183,87,227,75,170,79,194,83,113,61,126,56,231,85,303,110,158,55,74,47,281,99,28,20,32,24,9,14,11,14,0,17,21,32,0,17,10,16
0500000US47137,47137,"Pickett County, Tennessee",1771,166,32,39,42,39,34,37,1,3,55,40,66,49,20,25,69,56,169,82,97,69,88,49,39,26,58,59,89,42,142,76,188,88,108,80,153,71,214,101,93,60,0,17,0,17,12,21,0,17,0,17,2,3
0500000US47139,47139,"Polk County, Tennessee",5355,268,69,41,33,21,87,51,95,77,133,71,58,37,132,93,280,82,293,101,381,127,307,100,293,134,274,94,556,146,288,114,548,115,432,126,497,110,253,79,177,70,44,33,100,61,18,19,7,10,0,19,0,19
0500000US47141,47141,"Putnam County, Tennessee",18527,447,215,83,107,54,116,69,148,67,163,83,82,50,99,59,287,107,339,127,696,171,584,165,671,150,820,194,2340,283,2206,295,3437,380,1287,215,1726,277,1110,230,1265,191,345,128,167,84,167,71,8,13,10,16,132,109
0500000US47143,47143,"Rhea County, Tennessee",8882,439,350,170,132,56,108,60,151,68,115,62,158,91,61,54,386,166,332,124,552,187,436,145,701,188,406,131,976,223,786,192,929,217,388,143,493,140,366,125,422,132,226,86,227,94,156,123,0,26,0,26,25,32
0500000US47145,47145,"Roane County, Tennessee",16274,537,311,99,150,93,207,105,211,123,217,98,72,64,38,35,471,146,852,243,863,229,946,207,730,182,850,249,1626,313,1363,253,1660,284,860,189,1278,245,917,200,1280,244,458,143,646,186,140,96,64,47,28,45,36,35
0500000US47147,47147,"Robertson County, Tennessee",18748,490,168,60,62,41,78,51,6,9,125,90,55,40,56,40,240,88,318,127,352,108,403,146,544,158,625,126,2135,300,2994,363,2309,284,1819,288,2144,279,1654,219,1534,218,586,152,355,138,86,88,30,28,4,7,66,75
0500000US47149,47149,"Rutherford County, Tennessee",69934,1003,926,223,436,179,201,90,151,77,116,68,91,63,24,23,282,107,297,139,486,165,921,263,896,195,1726,275,8557,714,10166,699,10030,746,6960,559,9943,692,7085,640,6042,451,2526,337,1092,212,445,138,357,129,50,37,128,82
0500000US47151,47151,"Scott County, Tennessee",5941,300,130,61,128,70,61,37,78,46,11,14,165,64,163,93,687,187,335,115,562,155,343,129,457,155,270,135,618,145,399,126,444,166,326,112,206,65,210,95,128,58,152,72,38,44,21,20,9,14,0,23,0,23
0500000US47153,47153,"Sequatchie County, Tennessee",4153,257,109,63,19,19,44,37,8,12,62,46,65,71,83,68,129,83,105,70,245,108,302,105,195,95,199,87,322,109,362,118,484,139,173,71,409,126,306,120,322,95,54,32,97,62,35,29,0,19,0,19,24,37
0500000US47155,47155,"Sevier County, Tennessee",24861,634,518,186,351,146,469,151,263,101,279,104,201,107,132,123,594,196,618,210,312,130,689,211,870,207,732,208,1901,298,2639,399,3330,442,2022,330,3462,408,1824,321,1943,303,733,199,556,169,149,66,117,75,29,38,128,66
0500000US47157,47157,"Shelby County, Tennessee",195204,1996,2228,263,1451,257,1739,256,1686,264,1928,286,3223,400,2415,327,7577,505,8782,618,10446,650,10140,698,11678,612,8562,604,18792,1045,16203,863,16708,822,11618,678,18130,880,12907,653,14028,652,5968,463,5603,481,1636,241,1017,229,304,108,435,147
0500000US47159,47159,"Smith County, Tennessee",5633,225,118,54,84,51,25,24,26,22,27,42,86,53,31,22,194,100,264,102,248,108,302,112,409,110,315,91,832,153,452,99,611,115,305,99,605,148,202,79,309,92,92,56,76,47,17,21,0,19,0,19,3,6
0500000US47161,47161,"Stewart County, Tennessee",3769,267,70,43,74,61,40,41,22,21,25,21,80,50,3,4,81,65,80,50,255,93,222,97,213,76,206,81,443,108,329,95,485,127,245,83,400,141,226,80,197,94,53,37,11,19,9,13,0,19,0,19,0,19
0500000US47163,47163,"Sullivan County, Tennessee",48178,837,1867,301,522,147,420,123,649,188,320,121,431,136,305,103,909,161,1847,263,2164,304,2260,328,3015,312,2979,285,5338,417,5004,421,5412,437,2940,341,3881,335,2980,312,2578,284,1158,184,913,165,219,82,33,29,0,29,34,31
0500000US47165,47165,"Sumner County, Tennessee",47485,743,637,153,344,114,112,48,104,59,67,42,248,105,129,86,285,96,400,112,594,164,614,150,1099,224,1285,194,4329,308,4890,511,5766,452,3575,302,6167,518,6085,497,5795,406,1940,274,1929,219,536,146,282,136,53,35,220,86
0500000US47167,47167,"Tipton County, Tennessee",14831,525,158,70,100,69,86,56,163,87,144,61,66,45,35,32,329,97,409,110,655,131,825,225,723,185,526,119,1854,299,1925,300,1799,277,1222,243,1708,253,1012,181,559,139,288,112,117,60,59,46,47,39,0,29,22,30
0500000US47169,47169,"Trousdale County, Tennessee",2101,194,25,40,0,17,0,17,22,27,0,17,0,17,2,7,100,73,58,66,124,69,207,101,183,100,92,75,200,85,314,113,314,111,103,67,52,40,129,84,85,63,66,60,0,17,3,5,22,35,0,17,0,17
0500000US47171,47171,"Unicoi County, Tennessee",5513,277,129,73,102,65,74,59,37,37,79,69,118,60,33,38,91,71,311,139,317,120,349,130,310,114,402,120,478,122,732,150,598,170,225,86,514,164,330,117,152,84,20,23,81,88,31,35,0,19,0,19,0,19
0500000US47173,47173,"Union County, Tennessee",5492,298,241,93,51,44,76,61,18,23,144,78,169,97,91,66,161,77,164,71,304,114,203,71,369,125,420,134,590,124,521,148,524,157,308,136,553,165,227,84,121,47,61,39,65,33,60,38,48,50,3,5,0,19
0500000US47175,47175,"Van Buren County, Tennessee",1888,122,39,28,3,6,95,52,20,22,49,39,73,37,31,28,55,43,149,60,119,55,170,52,62,35,159,61,202,68,75,38,121,44,112,50,102,55,92,45,71,47,37,26,49,30,3,5,0,17,0,17,0,17
0500000US47177,47177,"Warren County, Tennessee",10794,390,230,124,80,48,119,70,84,44,56,34,178,76,237,74,544,144,815,151,545,135,595,125,846,156,622,170,1301,195,1010,164,967,180,555,138,744,151,722,188,289,113,77,55,136,72,35,34,0,26,7,10,0,26
0500000US47179,47179,"Washington County, Tennessee",34063,786,888,188,300,129,184,88,277,128,206,101,341,128,186,113,579,164,777,216,1011,193,1214,257,1301,285,1600,302,3913,523,3811,392,3944,466,2695,398,3631,403,2540,366,2210,285,962,261,845,174,408,145,127,62,45,42,68,57
0500000US47181,47181,"Wayne County, Tennessee",4715,263,127,62,70,42,184,89,156,79,39,33,91,54,108,60,257,80,263,78,336,99,326,120,277,91,193,80,462,114,522,153,271,86,211,72,260,89,212,86,133,65,38,29,133,91,0,19,16,24,30,25,0,19
0500000US47183,47183,"Weakley County, Tennessee",9060,303,130,47,141,52,133,54,278,100,213,106,332,149,142,58,444,118,529,109,627,139,655,191,669,149,551,104,1056,172,737,134,609,139,413,101,501,130,311,113,323,101,40,29,150,71,36,59,19,17,13,17,8,10
0500000US47185,47185,"White County, Tennessee",7673,305,226,78,104,54,52,38,160,77,187,81,118,63,249,106,175,77,529,132,517,121,435,127,639,165,578,149,818,163,455,120,444,145,258,94,742,147,433,125,318,95,44,26,103,71,29,28,49,43,11,21,0,23
0500000US47187,47187,"Williamson County, Tennessee",58932,649,504,166,43,38,83,59,57,47,46,33,124,94,80,41,74,54,105,62,192,91,82,54,209,99,252,114,916,234,1317,250,1769,269,1794,388,5723,664,5455,550,12044,641,9439,495,12162,508,3995,320,1418,192,497,100,552,125
0500000US47189,47189,"Wilson County, Tennessee",36338,787,474,148,106,78,156,92,218,71,124,82,59,43,82,59,216,93,258,128,268,122,547,171,440,120,520,163,1732,287,2552,350,3943,427,3051,359,6318,424,5721,499,5185,494,2432,311,1273,236,378,153,162,103,20,32,103,50
