GEO.id,GEO.id2,GEO.display-label,HD01_VD01,HD02_VD01,HD01_VD03,HD02_VD03,HD01_VD04,HD02_VD04,HD01_VD05,HD02_VD05,HD01_VD06,HD02_VD06,HD01_VD07,HD02_VD07,HD01_VD08,HD02_VD08,HD01_VD09,HD02_VD09,HD01_VD10,HD02_VD10,HD01_VD11,HD02_VD11,HD01_VD12,HD02_VD12,HD01_VD13,HD02_VD13,HD01_VD14,HD02_VD14,HD01_VD15,HD02_VD15,HD01_VD16,HD02_VD16,HD01_VD17,HD02_VD17,HD01_VD18,HD02_VD18,HD01_VD19,HD02_VD19,HD01_VD20,HD02_VD20,HD01_VD21,HD02_VD21,HD01_VD22,HD02_VD22,HD01_VD23,HD02_VD23,HD01_VD24,HD02_VD24,HD01_VD25,HD02_VD25,HD01_VD26,HD02_VD26,HD01_VD27,HD02_VD27,HD01_VD28,HD02_VD28,HD01_VD29,HD02_VD29
Id,Id2,Geography,Estimate; Total:,Margin of Error; Total:,Estimate; Total: - Below 100 percent of the poverty level,Margin of Error; Total: - Below 100 percent of the poverty level,Estimate; Total: - 100 to 149 percent of the poverty level,Margin of Error; Total: - 100 to 149 percent of the poverty level,Estimate; Total: - At or above 150 percent of the poverty level,Margin of Error; Total: - At or above 150 percent of the poverty level,"Estimate; Total: - Car, truck, or van - drove alone:","Margin of Error; Total: - Car, truck, or van - drove alone:","Estimate; Total: - Car, truck, or van - drove alone: - Below 100 percent of the poverty level","Margin of Error; Total: - Car, truck, or van - drove alone: - Below 100 percent of the poverty level","Estimate; Total: - Car, truck, or van - drove alone: - 100 to 149 percent of the poverty level","Margin of Error; Total: - Car, truck, or van - drove alone: - 100 to 149 percent of the poverty level","Estimate; Total: - Car, truck, or van - drove alone: - At or above 150 percent of the poverty level","Margin of Error; Total: - Car, truck, or van - drove alone: - At or above 150 percent of the poverty level","Estimate; Total: - Car, truck, or van - carpooled:","Margin of Error; Total: - Car, truck, or van - carpooled:","Estimate; Total: - Car, truck, or van - carpooled: - Below 100 percent of the poverty level","Margin of Error; Total: - Car, truck, or van - carpooled: - Below 100 percent of the poverty level","Estimate; Total: - Car, truck, or van - carpooled: - 100 to 149 percent of the poverty level","Margin of Error; Total: - Car, truck, or van - carpooled: - 100 to 149 percent of the poverty level","Estimate; Total: - Car, truck, or van - carpooled: - At or above 150 percent of the poverty level","Margin of Error; Total: - Car, truck, or van - carpooled: - At or above 150 percent of the poverty level",Estimate; Total: - Public transportation (excluding taxicab):,Margin of Error; Total: - Public transportation (excluding taxicab):,Estimate; Total: - Public transportation (excluding taxicab): - Below 100 percent of the poverty level,Margin of Error; Total: - Public transportation (excluding taxicab): - Below 100 percent of the poverty level,Estimate; Total: - Public transportation (excluding taxicab): - 100 to 149 percent of the poverty level,Margin of Error; Total: - Public transportation (excluding taxicab): - 100 to 149 percent of the poverty level,Estimate; Total: - Public transportation (excluding taxicab): - At or above 150 percent of the poverty level,Margin of Error; Total: - Public transportation (excluding taxicab): - At or above 150 percent of the poverty level,Estimate; Total: - Walked:,Margin of Error; Total: - Walked:,Estimate; Total: - Walked: - Below 100 percent of the poverty level,Margin of Error; Total: - Walked: - Below 100 percent of the poverty level,Estimate; Total: - Walked: - 100 to 149 percent of the poverty level,Margin of Error; Total: - Walked: - 100 to 149 percent of the poverty level,Estimate; Total: - Walked: - At or above 150 percent of the poverty level,Margin of Error; Total: - Walked: - At or above 150 percent of the poverty level,"Estimate; Total: - Taxicab, motorcycle, bicycle, or other means:","Margin of Error; Total: - Taxicab, motorcycle, bicycle, or other means:","Estimate; Total: - Taxicab, motorcycle, bicycle, or other means: - Below 100 percent of the poverty level","Margin of Error; Total: - Taxicab, motorcycle, bicycle, or other means: - Below 100 percent of the poverty level","Estimate; Total: - Taxicab, motorcycle, bicycle, or other means: - 100 to 149 percent of the poverty level","Margin of Error; Total: - Taxicab, motorcycle, bicycle, or other means: - 100 to 149 percent of the poverty level","Estimate; Total: - Taxicab, motorcycle, bicycle, or other means: - At or above 150 percent of the poverty level","Margin of Error; Total: - Taxicab, motorcycle, bicycle, or other means: - At or above 150 percent of the poverty level",Estimate; Total: - Worked at home:,Margin of Error; Total: - Worked at home:,Estimate; Total: - Worked at home: - Below 100 percent of the poverty level,Margin of Error; Total: - Worked at home: - Below 100 percent of the poverty level,Estimate; Total: - Worked at home: - 100 to 149 percent of the poverty level,Margin of Error; Total: - Worked at home: - 100 to 149 percent of the poverty level,Estimate; Total: - Worked at home: - At or above 150 percent of the poverty level,Margin of Error; Total: - Worked at home: - At or above 150 percent of the poverty level
0500000US47001,47001,"Anderson County, Tennessee",31411,692,2221,407,2064,337,27126,882,27292,846,1713,363,1821,326,23758,956,2631,413,330,148,144,65,2157,377,30,44,13,28,17,35,0,29,232,81,87,64,0,29,145,65,272,110,30,37,0,29,242,107,954,273,48,38,82,90,824,222
0500000US47003,47003,"Bedford County, Tennessee",20988,622,1357,259,2506,447,17125,773,17174,708,962,224,1959,354,14253,722,2640,470,303,145,411,189,1926,431,25,41,0,26,0,26,25,41,223,117,22,27,54,51,147,98,201,116,0,26,42,55,159,97,725,162,70,57,40,32,615,156
0500000US47005,47005,"Benton County, Tennessee",5528,331,634,152,685,188,4209,333,4807,354,509,131,569,178,3729,330,538,177,118,80,96,75,324,130,14,18,0,19,14,18,0,19,12,13,7,10,0,19,5,8,95,64,0,19,6,11,89,64,62,45,0,19,0,19,62,45
0500000US47007,47007,"Bledsoe County, Tennessee",5144,426,336,119,478,133,4330,401,3942,414,210,101,327,106,3405,409,711,257,50,29,52,32,609,245,33,45,3,5,0,19,30,45,199,115,38,41,25,35,136,93,49,36,14,20,18,23,17,18,210,100,21,27,56,53,133,68
0500000US47009,47009,"Blount County, Tennessee",57362,1178,3664,467,4403,596,49295,1343,49212,1196,3052,446,3598,532,42562,1305,4844,530,450,154,538,223,3856,503,118,70,4,5,0,29,114,70,354,123,38,32,71,54,245,93,579,168,13,17,75,84,491,148,2255,325,107,88,121,90,2027,296
0500000US47011,47011,"Bradley County, Tennessee",44715,1087,3811,504,3154,436,37750,1206,37804,1128,3069,456,2644,394,32091,1181,3904,564,401,146,258,110,3245,547,128,87,23,24,34,46,71,65,622,222,139,87,85,72,398,174,526,232,37,42,92,67,397,201,1731,407,142,82,41,48,1548,409
0500000US47013,47013,"Campbell County, Tennessee",14683,512,1082,211,1518,358,12083,618,12461,536,752,182,1288,320,10421,573,1697,297,294,108,174,98,1229,274,11,17,0,26,0,26,11,17,125,72,0,26,29,33,96,70,48,42,16,26,11,16,21,25,341,129,20,19,16,26,305,128
0500000US47015,47015,"Cannon County, Tennessee",5989,256,475,133,533,190,4981,305,5056,307,342,104,464,178,4250,324,542,162,92,77,43,33,407,135,0,19,0,19,0,19,0,19,58,45,0,19,17,27,41,38,11,18,0,19,0,19,11,18,322,135,41,30,9,13,272,126
0500000US47017,47017,"Carroll County, Tennessee",10651,479,841,195,869,190,8941,543,9363,455,723,175,708,176,7932,515,596,163,46,36,128,72,422,133,9,13,0,23,9,13,0,23,123,79,55,54,0,23,68,50,266,124,6,9,0,23,260,122,294,119,11,22,24,27,259,117
0500000US47019,47019,"Carter County, Tennessee",22152,701,2591,398,1869,348,17692,837,19304,800,2059,357,1593,327,15652,798,1383,232,201,99,65,39,1117,188,34,33,18,24,0,29,16,26,156,80,20,32,0,29,136,74,305,127,73,73,34,36,198,95,970,229,220,135,177,99,573,158
0500000US47021,47021,"Cheatham County, Tennessee",18806,584,869,225,1207,250,16730,633,15790,542,676,160,951,242,14163,584,1705,280,90,70,172,82,1443,256,66,50,2,4,0,26,64,50,185,98,11,17,58,71,116,65,231,120,40,53,21,31,170,105,829,227,50,60,5,8,774,208
0500000US47023,47023,"Chester County, Tennessee",6760,437,413,157,516,181,5831,494,5773,416,327,138,422,164,5024,462,569,193,69,73,58,66,442,156,0,19,0,19,0,19,0,19,100,57,15,17,36,46,49,35,117,84,1,2,0,19,116,84,201,91,1,3,0,19,200,91
0500000US47025,47025,"Claiborne County, Tennessee",11280,470,1013,210,832,259,9435,516,9646,458,809,175,712,233,8125,515,1082,208,107,77,93,74,882,182,7,10,0,26,0,26,7,10,52,49,39,47,5,9,8,13,63,34,16,17,7,12,40,29,430,195,42,46,15,19,373,191
0500000US47027,47027,"Clay County, Tennessee",2547,255,242,109,364,141,1941,256,2261,241,209,106,350,140,1702,232,165,79,20,24,0,17,145,75,2,4,0,17,2,4,0,17,29,28,13,19,0,17,16,24,14,22,0,17,12,22,2,4,76,55,0,17,0,17,76,55
0500000US47029,47029,"Cocke County, Tennessee",14044,644,1549,418,1399,303,11096,687,11885,695,1157,380,1039,246,9689,657,1522,394,330,166,311,196,881,232,0,26,0,26,0,26,0,26,132,75,1,2,12,15,119,74,170,104,0,26,21,32,149,99,335,125,61,51,16,16,258,108
0500000US47031,47031,"Coffee County, Tennessee",22601,679,1522,342,1876,337,19203,779,19383,721,1156,294,1543,314,16684,778,1973,317,308,168,196,102,1469,293,3,7,2,6,1,3,0,29,284,157,45,60,44,50,195,127,142,93,11,16,17,26,114,80,816,251,0,29,75,76,741,225
0500000US47033,47033,"Crockett County, Tennessee",5949,266,361,108,652,147,4936,318,5404,284,300,88,548,123,4556,315,358,110,52,50,83,59,223,87,0,19,0,19,0,19,0,19,53,29,5,8,8,10,40,25,21,19,0,19,13,16,8,10,113,67,4,6,0,19,109,67
0500000US47035,47035,"Cumberland County, Tennessee",20284,613,1487,238,1768,310,17029,736,17103,666,1049,228,1307,259,14747,744,2137,341,338,131,410,166,1389,256,31,35,31,35,0,29,0,29,217,116,21,24,0,29,196,114,154,62,22,24,24,28,108,56,642,186,26,27,27,21,589,178
0500000US47037,47037,"Davidson County, Tennessee",351420,2372,27537,1270,25197,1291,298686,2694,280326,2438,18957,1047,18695,1115,242674,2657,34485,1603,4237,509,3832,608,26416,1328,7496,772,1736,455,886,250,4874,551,5502,708,1028,429,544,188,3930,485,4144,563,359,115,308,158,3477,497,19467,1059,1220,227,932,240,17315,1078
0500000US47039,47039,"Decatur County, Tennessee",4431,226,365,139,365,120,3701,273,3650,250,202,71,341,122,3107,265,406,149,77,81,1,3,328,114,15,25,15,25,0,19,0,19,41,38,23,35,7,12,11,10,77,47,19,28,9,13,49,35,242,103,29,20,7,7,206,98
0500000US47041,47041,"DeKalb County, Tennessee",7864,401,537,181,478,191,6849,492,6359,476,463,166,370,170,5526,483,1270,338,39,51,95,95,1136,309,3,4,1,2,0,19,2,3,47,37,0,19,0,19,47,37,83,54,26,27,0,19,57,46,102,57,8,12,13,21,81,46
0500000US47043,47043,"Dickson County, Tennessee",22248,786,1159,282,2082,427,19007,826,18201,719,860,259,1471,360,15870,748,2518,371,239,101,247,138,2032,306,133,90,0,29,0,29,133,90,472,320,16,17,357,333,99,88,186,99,27,43,0,29,159,98,738,194,17,29,7,14,714,190
0500000US47045,47045,"Dyer County, Tennessee",15968,511,1445,300,1433,310,13090,637,14225,589,1235,278,1344,304,11646,658,1036,239,119,99,69,63,848,221,2,4,0,26,0,26,2,4,113,83,23,30,2,4,88,78,162,91,26,31,18,31,118,77,430,135,42,45,0,26,388,129
0500000US47047,47047,"Fayette County, Tennessee",17287,558,898,188,586,154,15803,639,14931,607,673,138,394,119,13864,660,1265,246,97,60,131,90,1037,220,7,10,5,10,0,26,2,3,86,56,7,12,36,40,43,38,247,94,41,44,7,12,199,96,751,164,75,49,18,19,658,169
0500000US47049,47049,"Fentress County, Tennessee",6493,424,824,235,1038,296,4631,534,5218,391,690,232,920,283,3608,435,742,232,91,63,89,63,562,219,9,15,0,19,0,19,9,15,106,54,15,24,9,13,82,52,45,45,0,19,0,19,45,45,373,146,28,42,20,21,325,139
0500000US47051,47051,"Franklin County, Tennessee",16911,670,1295,293,1230,286,14386,795,14144,798,863,213,1000,264,12281,797,1869,341,349,208,144,82,1376,287,0,26,0,26,0,26,0,26,367,193,23,22,30,35,314,181,126,52,16,18,32,34,78,44,405,135,44,52,24,28,337,122
0500000US47053,47053,"Gibson County, Tennessee",20358,656,1517,333,2004,401,16837,785,18171,693,1289,325,1802,392,15080,767,1218,237,126,86,110,75,982,224,14,16,0,26,0,26,14,16,236,108,17,27,24,31,195,107,404,199,62,69,42,55,300,182,315,126,23,26,26,30,266,126
0500000US47055,47055,"Giles County, Tennessee",11901,481,999,198,1029,228,9873,569,10020,497,795,209,758,206,8467,539,1172,230,74,49,111,70,987,213,0,23,0,23,0,23,0,23,181,106,7,9,112,96,62,34,206,86,0,23,48,50,158,74,322,121,123,82,0,23,199,90
0500000US47057,47057,"Grainger County, Tennessee",9126,449,708,179,710,240,7708,475,7226,446,383,125,458,143,6385,454,1247,218,177,94,144,94,926,202,43,41,0,23,16,27,27,28,113,59,35,34,0,23,78,48,67,53,0,23,0,23,67,53,430,157,113,81,92,69,225,110
0500000US47059,47059,"Greene County, Tennessee",26858,936,2127,352,2474,485,22257,1022,23248,953,1529,310,1952,386,19767,1006,2054,430,273,127,325,208,1456,353,4,6,2,4,2,5,0,29,209,120,39,45,49,59,121,92,482,200,170,114,8,13,304,151,861,239,114,85,138,106,609,191
0500000US47061,47061,"Grundy County, Tennessee",4116,294,518,117,434,111,3164,299,3390,278,377,105,378,108,2635,266,307,73,60,44,32,23,215,60,0,19,0,19,0,19,0,19,133,64,31,38,14,16,88,48,29,32,7,10,0,19,22,31,257,121,43,31,10,13,204,115
0500000US47063,47063,"Hamblen County, Tennessee",25764,920,2241,370,2521,450,21002,1064,21720,957,1756,288,1897,330,18067,976,2654,395,391,189,494,226,1769,356,46,44,29,47,17,26,0,29,49,47,0,29,20,33,29,33,558,286,25,37,65,77,468,272,737,253,40,43,28,47,669,246
0500000US47065,47065,"Hamilton County, Tennessee",160987,1994,10930,791,11289,866,138768,2321,134169,1988,8219,753,8669,794,117281,2101,13054,1116,1160,298,1392,301,10502,981,1633,320,415,132,324,174,894,244,2437,399,428,163,481,147,1528,325,1694,286,218,108,51,33,1425,286,8000,751,490,182,372,230,7138,681
0500000US47067,47067,"Hancock County, Tennessee",2165,225,263,97,154,67,1748,225,1765,203,205,74,147,66,1413,209,221,78,33,32,6,10,182,67,38,56,0,17,1,3,37,56,35,28,8,14,0,17,27,25,27,29,17,25,0,17,10,15,79,49,0,17,0,17,79,49
0500000US47069,47069,"Hardeman County, Tennessee",8085,453,554,171,1031,313,6500,394,6774,355,399,147,732,193,5643,363,803,259,110,88,244,216,449,141,16,22,5,10,9,20,2,3,44,25,1,3,3,5,40,25,30,27,11,16,0,23,19,22,418,136,28,29,43,48,347,133
0500000US47071,47071,"Hardin County, Tennessee",9615,387,1024,227,747,196,7844,418,7967,412,817,185,575,151,6575,385,576,171,78,53,28,30,470,155,25,33,5,12,0,23,20,31,63,50,6,13,0,23,57,47,174,73,0,23,23,28,151,63,810,236,118,97,121,86,571,212
0500000US47073,47073,"Hawkins County, Tennessee",21146,697,2137,360,1745,325,17264,801,18827,759,1808,325,1444,315,15575,805,1444,238,233,109,159,79,1052,202,136,86,15,19,0,29,121,82,53,38,21,22,0,29,32,26,231,92,30,32,79,60,122,68,455,130,30,40,63,54,362,112
0500000US47075,47075,"Haywood County, Tennessee",7617,380,563,169,920,262,6134,445,6760,379,430,148,818,234,5512,439,599,167,72,48,75,65,452,156,0,19,0,19,0,19,0,19,46,31,8,12,3,5,35,28,102,85,33,49,24,35,45,47,110,62,20,32,0,19,90,56
0500000US47077,47077,"Henderson County, Tennessee",11200,591,799,212,974,277,9427,602,9611,553,657,200,822,270,8132,580,935,256,72,58,54,66,809,236,21,33,0,23,0,23,21,33,116,69,7,10,0,23,109,73,108,85,43,61,8,13,57,51,409,140,20,33,90,82,299,97
0500000US47079,47079,"Henry County, Tennessee",12462,491,1260,238,826,174,10376,503,10717,526,1010,191,728,170,8979,514,781,188,70,54,51,35,660,156,2,3,0,26,0,26,2,3,151,87,10,11,20,21,121,80,327,146,163,118,2,5,162,79,484,167,7,11,25,24,452,168
0500000US47081,47081,"Hickman County, Tennessee",9435,500,894,271,738,246,7803,617,7495,439,598,199,558,208,6339,531,1064,264,160,98,117,68,787,226,28,26,0,23,0,23,28,26,190,129,23,33,9,17,158,124,241,118,7,13,26,39,208,123,417,188,106,97,28,43,283,161
0500000US47083,47083,"Houston County, Tennessee",2910,243,198,69,419,128,2293,250,2390,226,148,62,362,122,1880,224,319,94,49,31,56,44,214,74,8,10,0,17,0,17,8,10,87,63,0,17,1,4,86,63,13,21,0,17,0,17,13,21,93,39,1,4,0,17,92,40
0500000US47085,47085,"Humphreys County, Tennessee",7100,356,496,156,490,167,6114,384,6116,356,442,148,373,121,5301,395,703,175,40,36,117,79,546,145,0,19,0,19,0,19,0,19,56,38,0,19,0,19,56,38,100,52,0,19,0,19,100,52,125,67,14,21,0,19,111,63
0500000US47087,47087,"Jackson County, Tennessee",3954,280,252,97,289,90,3413,309,3460,299,190,85,268,83,3002,326,328,117,52,45,8,14,268,110,0,19,0,19,0,19,0,19,47,31,0,19,0,19,47,31,37,33,0,19,4,8,33,31,82,39,10,15,9,12,63,37
0500000US47089,47089,"Jefferson County, Tennessee",22134,866,1471,302,1839,372,18824,918,17490,831,835,217,1444,322,15211,861,3155,485,463,166,327,147,2365,438,61,56,0,29,31,39,30,41,201,90,54,53,0,29,147,70,201,89,40,39,11,19,150,71,1026,261,79,61,26,41,921,245
0500000US47091,47091,"Johnson County, Tennessee",5543,359,598,152,381,170,4564,437,4683,349,506,150,338,157,3839,402,398,127,34,37,22,25,342,117,32,34,1,3,9,14,22,29,72,53,10,15,5,9,57,46,99,69,0,19,0,19,99,69,259,109,47,41,7,11,205,103
0500000US47093,47093,"Knox County, Tennessee",217118,1812,17907,993,14547,983,184664,1951,182987,2051,13012,902,10844,793,159131,2082,16748,1011,2210,326,2034,387,12504,920,1570,297,466,158,209,113,895,216,3116,393,840,210,521,189,1755,275,2269,334,457,153,174,93,1638,277,10428,799,922,254,765,304,8741,699
0500000US47095,47095,"Lake County, Tennessee",1821,182,170,60,153,61,1498,173,1491,159,131,52,105,56,1255,154,160,58,23,20,20,16,117,55,0,17,0,17,0,17,0,17,90,53,16,25,0,17,74,47,32,31,0,17,28,31,4,7,48,36,0,17,0,17,48,36
0500000US47097,47097,"Lauderdale County, Tennessee",8875,399,908,187,1017,201,6950,429,7944,406,732,159,930,198,6282,415,557,139,79,61,54,42,424,132,46,36,0,23,0,23,46,36,137,81,67,65,14,21,56,40,76,47,12,13,19,27,45,34,115,53,18,19,0,23,97,49
0500000US47099,47099,"Lawrence County, Tennessee",15796,549,1106,209,1376,232,13314,566,13491,564,808,176,1130,186,11553,575,1517,202,206,111,84,38,1227,193,27,30,0,26,5,9,22,29,228,106,0,26,85,69,143,75,223,96,29,45,49,40,145,73,310,90,63,52,23,29,224,72
0500000US47101,47101,"Lewis County, Tennessee",4743,360,330,132,363,132,4050,420,3444,430,168,86,260,94,3016,440,834,261,66,48,56,61,712,262,29,34,0,19,0,19,29,34,57,44,34,38,0,19,23,24,167,113,0,19,29,46,138,103,212,105,62,62,18,24,132,81
0500000US47103,47103,"Lincoln County, Tennessee",13806,463,1131,302,1285,288,11390,588,11693,584,766,228,952,249,9975,581,1528,311,244,132,297,144,987,249,55,49,2,3,0,26,53,49,109,68,22,38,0,26,87,57,115,72,74,76,10,16,31,24,306,104,23,37,26,41,257,90
0500000US47105,47105,"Loudon County, Tennessee",19926,579,1380,292,1028,214,17518,691,16674,627,1156,270,864,209,14654,676,1925,372,136,79,115,55,1674,358,37,39,0,29,1,2,36,40,137,88,1,2,8,14,128,85,192,106,0,29,40,60,152,98,961,223,87,61,0,29,874,220
0500000US47107,47107,"McMinn County, Tennessee",20145,683,1815,371,1407,296,16923,696,17291,763,1427,350,1258,278,14606,708,1882,348,237,108,86,68,1559,335,59,47,0,29,0,29,59,47,166,94,12,19,12,19,142,90,89,70,0,29,0,29,89,70,658,230,139,100,51,74,468,174
0500000US47109,47109,"McNairy County, Tennessee",9220,531,816,174,1054,246,7350,524,8000,484,726,166,899,215,6375,471,587,137,47,32,65,51,475,109,13,12,4,6,0,23,9,12,36,39,1,2,0,23,35,39,90,55,23,24,5,9,62,47,494,156,15,12,85,63,394,150
0500000US47111,47111,"Macon County, Tennessee",9496,432,926,225,941,198,7629,461,7918,479,710,218,760,189,6448,448,1309,297,186,106,142,95,981,270,0,23,0,23,0,23,0,23,39,34,0,23,7,12,32,33,31,29,0,23,0,23,31,29,199,105,30,39,32,49,137,70
0500000US47113,47113,"Madison County, Tennessee",41787,993,4126,590,2555,405,35106,1010,36034,1059,3032,526,2294,367,30708,1058,2753,380,398,144,155,78,2200,343,359,144,170,113,35,48,154,86,216,88,85,65,9,14,122,53,1226,483,350,169,12,24,864,420,1199,237,91,62,50,37,1058,238
0500000US47115,47115,"Marion County, Tennessee",11800,440,907,193,637,171,10256,471,10023,482,747,175,498,151,8778,495,909,191,61,45,59,42,789,185,8,18,8,18,0,23,0,23,309,163,27,27,46,45,236,149,47,28,0,23,0,23,47,28,504,171,64,53,34,45,406,153
0500000US47117,47117,"Marshall County, Tennessee",13494,603,666,192,977,279,11851,682,11930,614,470,142,824,214,10636,667,1026,212,133,93,75,91,818,185,19,19,0,26,4,6,15,17,96,61,25,40,21,30,50,35,122,71,12,19,8,13,102,64,301,115,26,34,45,41,230,106
0500000US47119,47119,"Maury County, Tennessee",40049,837,2506,422,2383,390,35160,947,34334,912,1762,343,1951,322,30621,992,3345,456,401,234,331,142,2613,390,133,87,0,29,12,21,121,85,433,169,90,86,6,11,337,148,440,138,166,90,20,23,254,115,1364,265,87,73,63,58,1214,262
0500000US47121,47121,"Meigs County, Tennessee",4192,286,151,66,332,135,3709,304,3519,257,119,58,277,125,3123,282,509,173,17,26,45,43,447,158,11,17,0,19,0,19,11,17,15,17,5,8,0,19,10,15,77,58,10,15,10,15,57,55,61,44,0,19,0,19,61,44
0500000US47123,47123,"Monroe County, Tennessee",16048,693,1501,336,1468,321,13079,751,13926,720,1171,325,1314,304,11441,735,1378,307,169,127,69,60,1140,281,8,17,0,26,8,17,0,26,172,99,60,55,57,67,55,60,217,105,89,76,20,32,108,82,347,162,12,15,0,26,335,162
0500000US47125,47125,"Montgomery County, Tennessee",86753,1119,6364,811,6137,692,74252,1290,75929,1127,5453,741,5095,603,65381,1222,5794,578,453,144,510,218,4831,504,799,241,154,100,126,85,519,183,693,167,96,58,43,36,554,151,1311,279,67,55,273,179,971,236,2227,437,141,75,90,74,1996,400
0500000US47127,47127,"Moore County, Tennessee",2767,194,152,68,205,92,2410,219,2522,213,136,63,172,86,2214,221,123,63,16,28,16,26,91,56,0,17,0,17,0,17,0,17,25,26,0,17,0,17,25,26,8,14,0,17,0,17,8,14,89,70,0,17,17,28,72,63
0500000US47129,47129,"Morgan County, Tennessee",6885,384,746,196,659,171,5480,381,5669,374,637,184,517,157,4515,361,932,184,70,54,110,76,752,177,0,23,0,23,0,23,0,23,102,67,16,17,7,10,79,63,64,44,0,23,6,9,58,44,118,49,23,24,19,20,76,41
0500000US47131,47131,"Obion County, Tennessee",12307,375,1356,216,1320,233,9631,487,10781,388,1081,201,1159,226,8541,411,762,172,115,85,60,35,587,144,32,31,0,26,10,22,22,23,233,126,41,50,14,17,178,99,159,88,81,73,27,20,51,42,340,140,38,26,50,37,252,135
0500000US47133,47133,"Overton County, Tennessee",8599,361,702,198,804,239,7093,450,7532,371,537,179,689,207,6306,436,686,167,130,72,78,62,478,132,16,19,0,23,0,23,16,19,62,46,5,9,7,11,50,40,45,33,0,23,5,8,40,32,258,98,30,26,25,31,203,90
0500000US47135,47135,"Perry County, Tennessee",2616,243,300,95,146,67,2170,277,1955,235,203,79,90,55,1662,245,200,78,25,17,43,29,132,73,0,17,0,17,0,17,0,17,91,59,18,16,3,6,70,55,121,73,30,26,0,17,91,70,249,120,24,22,10,13,215,116
0500000US47137,47137,"Pickett County, Tennessee",2112,211,166,89,139,80,1807,229,1813,217,90,59,135,79,1588,223,171,75,54,41,4,7,113,66,0,17,0,17,0,17,0,17,21,32,5,7,0,17,16,30,0,17,0,17,0,17,0,17,107,82,17,26,0,17,90,76
0500000US47139,47139,"Polk County, Tennessee",6633,364,446,114,585,189,5602,392,5655,395,342,104,483,177,4830,410,671,188,46,34,57,37,568,192,1,3,1,3,0,19,0,19,111,58,38,29,15,19,58,47,40,30,0,19,7,13,33,27,155,83,19,20,23,30,113,69
0500000US47141,47141,"Putnam County, Tennessee",32069,942,4196,574,2714,520,25159,938,28099,998,3720,538,2268,452,22111,992,2477,315,233,108,197,88,2047,277,21,20,1,4,0,29,20,20,337,114,114,76,90,61,133,60,269,111,35,50,57,45,177,92,866,226,93,69,102,103,671,203
0500000US47143,47143,"Rhea County, Tennessee",12644,574,1254,292,970,284,10420,629,10174,579,850,219,637,202,8687,569,1806,395,328,184,270,209,1208,292,6,10,0,26,0,26,6,10,156,91,35,36,20,23,101,76,85,62,0,26,0,26,85,62,417,116,41,44,43,38,333,115
0500000US47145,47145,"Roane County, Tennessee",20863,802,1273,313,1659,445,17931,786,18047,812,1093,282,1358,401,15596,805,1957,370,148,106,301,169,1508,288,5,10,5,10,0,29,0,29,58,45,9,16,0,29,49,45,98,64,12,21,0,29,86,62,698,212,6,14,0,29,692,213
0500000US47147,47147,"Robertson County, Tennessee",32039,826,1832,384,1617,268,28590,991,26626,822,1268,338,1124,235,24234,933,2930,454,332,138,340,186,2258,396,125,72,22,29,11,24,92,59,345,137,126,82,12,14,207,97,654,209,82,72,34,51,538,172,1359,265,2,5,96,64,1261,248
0500000US47149,47149,"Rutherford County, Tennessee",151930,2025,10605,1075,9278,812,132047,2186,128729,2149,8137,857,7294,751,113298,2063,14257,1225,1365,401,1411,346,11481,1043,464,170,34,35,54,65,376,153,946,287,282,176,160,122,504,174,1684,406,345,189,209,141,1130,312,5850,568,442,165,150,74,5258,569
0500000US47151,47151,"Scott County, Tennessee",8116,458,736,188,933,244,6447,469,6801,383,495,156,799,211,5507,385,790,183,116,74,76,48,598,169,11,17,0,23,0,23,11,17,38,36,10,14,0,23,28,32,246,178,43,51,47,61,156,123,230,141,72,66,11,18,147,119
0500000US47153,47153,"Sequatchie County, Tennessee",5843,422,466,135,437,256,4940,415,4889,445,376,124,389,249,4124,419,650,167,31,27,13,24,606,171,14,24,14,24,0,19,0,19,0,19,0,19,0,19,0,19,22,30,0,19,0,19,22,30,268,106,45,51,35,54,188,79
0500000US47155,47155,"Sevier County, Tennessee",44641,898,4169,637,5095,727,35377,1247,34568,1034,2517,398,3641,505,28410,1085,6710,725,1100,343,985,324,4625,608,175,109,54,51,5,10,116,82,600,203,82,64,188,137,330,171,453,201,196,143,84,55,173,88,2135,447,220,139,192,117,1723,417
0500000US47157,47157,"Shelby County, Tennessee",422518,2947,36676,1418,33386,1736,352456,3661,352348,3440,25363,1208,24804,1430,302181,3916,39926,1958,6673,743,5291,702,27962,1589,5559,518,1526,258,1023,235,3010,374,5288,527,1094,238,766,306,3428,431,6141,709,1054,281,924,297,4163,631,13256,885,966,241,578,137,11712,831
0500000US47159,47159,"Smith County, Tennessee",8285,389,441,138,657,178,7187,451,7164,365,379,129,531,169,6254,425,886,187,59,44,92,44,735,168,0,19,0,19,0,19,0,19,37,25,0,19,10,14,27,20,40,28,0,19,10,16,30,23,158,57,3,5,14,21,141,53
0500000US47161,47161,"Stewart County, Tennessee",5116,353,417,161,263,107,4436,378,4214,354,347,140,192,73,3675,365,543,194,63,61,60,62,420,149,17,18,2,4,0,19,15,18,66,62,0,19,0,19,66,62,151,110,0,19,0,19,151,110,125,64,5,8,11,16,109,61
0500000US47163,47163,"Sullivan County, Tennessee",65184,1068,4527,494,5245,615,55412,1188,56125,1054,3325,426,4394,518,48406,1121,5230,512,824,198,403,181,4003,403,140,75,28,34,35,42,77,54,455,138,114,65,70,56,271,125,1024,271,175,102,177,107,672,192,2210,351,61,44,166,92,1983,341
0500000US47165,47165,"Sumner County, Tennessee",86052,1276,3721,524,4225,604,78106,1518,72215,1137,2752,418,3624,548,65839,1336,7268,688,708,258,271,123,6289,634,379,117,1,2,0,29,378,117,521,175,67,83,76,51,378,146,1230,316,36,34,145,94,1049,305,4439,450,157,83,109,58,4173,457
0500000US47167,47167,"Tipton County, Tennessee",27391,824,1778,384,1734,391,23879,927,23624,910,1407,297,1418,342,20799,962,2677,500,253,150,204,127,2220,449,85,81,0,29,0,29,85,81,164,94,10,10,68,77,86,60,267,112,43,67,3,5,221,108,574,171,65,49,41,41,468,159
0500000US47169,47169,"Trousdale County, Tennessee",3749,331,142,98,269,189,3338,374,2926,341,111,92,138,111,2677,383,597,214,14,20,125,134,458,185,3,6,0,17,0,17,3,6,40,43,12,19,0,17,28,34,0,17,0,17,0,17,0,17,183,136,5,8,6,10,172,134
0500000US47171,47171,"Unicoi County, Tennessee",6852,369,682,175,800,258,5370,471,5534,364,356,129,701,221,4477,417,631,182,113,77,16,21,502,160,53,61,17,20,0,19,36,60,104,60,39,34,10,12,55,46,225,124,113,99,0,19,112,90,305,142,44,52,73,76,188,107
0500000US47173,47173,"Union County, Tennessee",7112,382,688,176,568,188,5856,466,6072,411,629,176,493,176,4950,483,613,146,57,43,75,59,481,136,2,4,2,4,0,19,0,19,11,14,0,19,0,19,11,14,44,45,0,19,0,19,44,45,370,142,0,19,0,19,370,142
0500000US47175,47175,"Van Buren County, Tennessee",2222,183,274,91,221,86,1727,217,1850,179,221,78,198,82,1431,200,124,76,4,7,13,21,107,67,14,15,0,17,0,17,14,15,10,14,0,17,0,17,10,14,51,61,39,59,0,17,12,17,173,80,10,15,10,15,153,81
0500000US47177,47177,"Warren County, Tennessee",16867,569,1453,259,1905,311,13509,636,14248,610,1202,209,1528,313,11518,613,1680,355,100,89,238,116,1342,300,3,6,0,26,0,26,3,6,236,96,23,24,31,27,182,85,81,51,20,25,20,26,41,35,619,179,108,71,88,68,423,162
0500000US47179,47179,"Washington County, Tennessee",56640,1073,5399,796,4480,638,46761,1229,48710,1151,4292,668,3504,550,40914,1164,3736,473,460,188,266,143,3010,470,323,156,127,122,110,83,86,54,473,154,152,88,65,68,256,118,1226,386,267,206,381,249,578,209,2172,383,101,61,154,110,1917,355
0500000US47181,47181,"Wayne County, Tennessee",5765,303,440,135,557,167,4768,355,4746,315,331,124,414,120,4001,365,625,151,90,63,65,45,470,121,0,19,0,19,0,19,0,19,2,3,0,19,2,3,0,19,263,164,19,25,66,81,178,140,129,56,0,19,10,15,119,56
0500000US47183,47183,"Weakley County, Tennessee",13336,584,1286,245,1381,271,10669,537,11639,599,972,207,1094,225,9573,545,870,202,119,64,130,81,621,148,20,21,5,8,0,26,15,20,401,136,145,88,70,59,186,94,255,96,45,33,53,56,157,72,151,66,0,26,34,33,117,53
0500000US47185,47185,"White County, Tennessee",9726,551,658,167,1237,237,7831,630,8405,509,568,151,974,206,6863,577,881,234,16,18,208,133,657,168,0,23,0,23,0,23,0,23,134,64,19,27,44,45,71,54,106,90,0,23,0,23,106,90,200,87,55,46,11,17,134,70
0500000US47187,47187,"Williamson County, Tennessee",103722,1122,2489,435,2675,449,98558,1252,83896,1293,1919,389,2010,370,79967,1293,7811,689,261,117,425,178,7125,665,346,163,0,29,0,29,346,163,1056,307,61,57,0,29,995,294,1247,314,46,64,98,133,1103,280,9366,751,202,92,142,71,9022,742
0500000US47189,47189,"Wilson County, Tennessee",61843,1038,2330,442,2409,383,57104,1191,51675,1103,1851,371,1933,320,47891,1176,5396,565,333,160,294,181,4769,536,516,157,16,26,18,22,482,160,386,150,43,57,81,67,262,120,542,224,0,29,26,30,516,222,3328,430,87,74,57,59,3184,426
