GEO.id,Id
GEO.id2,Id2
GEO.display-label,Geography
HC01_EST_VC01,Owner-occupied housing units with a mortgage; Estimate; Owner-occupied housing units with a mortgage
HC01_MOE_VC01,Owner-occupied housing units with a mortgage; Margin of Error; Owner-occupied housing units with a mortgage
HC02_EST_VC01,Percent owner-occupied housing units with a mortgage; Estimate; Owner-occupied housing units with a mortgage
HC02_MOE_VC01,Percent owner-occupied housing units with a mortgage; Margin of Error; Owner-occupied housing units with a mortgage
HC01_EST_VC03,"Owner-occupied housing units with a mortgage; Estimate; VALUE - Less than $50,000"
HC01_MOE_VC03,"Owner-occupied housing units with a mortgage; Margin of Error; VALUE - Less than $50,000"
HC02_EST_VC03,"Percent owner-occupied housing units with a mortgage; Estimate; VALUE - Less than $50,000"
HC02_MOE_VC03,"Percent owner-occupied housing units with a mortgage; Margin of Error; VALUE - Less than $50,000"
HC01_EST_VC04,"Owner-occupied housing units with a mortgage; Estimate; VALUE - $50,000 to $99,999"
HC01_MOE_VC04,"Owner-occupied housing units with a mortgage; Margin of Error; VALUE - $50,000 to $99,999"
HC02_EST_VC04,"Percent owner-occupied housing units with a mortgage; Estimate; VALUE - $50,000 to $99,999"
HC02_MOE_VC04,"Percent owner-occupied housing units with a mortgage; Margin of Error; VALUE - $50,000 to $99,999"
HC01_EST_VC05,"Owner-occupied housing units with a mortgage; Estimate; VALUE - $100,000 to $299,999"
HC01_MOE_VC05,"Owner-occupied housing units with a mortgage; Margin of Error; VALUE - $100,000 to $299,999"
HC02_EST_VC05,"Percent owner-occupied housing units with a mortgage; Estimate; VALUE - $100,000 to $299,999"
HC02_MOE_VC05,"Percent owner-occupied housing units with a mortgage; Margin of Error; VALUE - $100,000 to $299,999"
HC01_EST_VC06,"Owner-occupied housing units with a mortgage; Estimate; VALUE - $300,000 to $499,999"
HC01_MOE_VC06,"Owner-occupied housing units with a mortgage; Margin of Error; VALUE - $300,000 to $499,999"
HC02_EST_VC06,"Percent owner-occupied housing units with a mortgage; Estimate; VALUE - $300,000 to $499,999"
HC02_MOE_VC06,"Percent owner-occupied housing units with a mortgage; Margin of Error; VALUE - $300,000 to $499,999"
HC01_EST_VC07,"Owner-occupied housing units with a mortgage; Estimate; VALUE - $500,000 to $749,999"
HC01_MOE_VC07,"Owner-occupied housing units with a mortgage; Margin of Error; VALUE - $500,000 to $749,999"
HC02_EST_VC07,"Percent owner-occupied housing units with a mortgage; Estimate; VALUE - $500,000 to $749,999"
HC02_MOE_VC07,"Percent owner-occupied housing units with a mortgage; Margin of Error; VALUE - $500,000 to $749,999"
HC01_EST_VC08,"Owner-occupied housing units with a mortgage; Estimate; VALUE - $750,000 to $999,999"
HC01_MOE_VC08,"Owner-occupied housing units with a mortgage; Margin of Error; VALUE - $750,000 to $999,999"
HC02_EST_VC08,"Percent owner-occupied housing units with a mortgage; Estimate; VALUE - $750,000 to $999,999"
HC02_MOE_VC08,"Percent owner-occupied housing units with a mortgage; Margin of Error; VALUE - $750,000 to $999,999"
HC01_EST_VC09,"Owner-occupied housing units with a mortgage; Estimate; VALUE - $1,000,000 or more"
HC01_MOE_VC09,"Owner-occupied housing units with a mortgage; Margin of Error; VALUE - $1,000,000 or more"
HC02_EST_VC09,"Percent owner-occupied housing units with a mortgage; Estimate; VALUE - $1,000,000 or more"
HC02_MOE_VC09,"Percent owner-occupied housing units with a mortgage; Margin of Error; VALUE - $1,000,000 or more"
HC01_EST_VC10,Owner-occupied housing units with a mortgage; Estimate; VALUE - Median (dollars)
HC01_MOE_VC10,Owner-occupied housing units with a mortgage; Margin of Error; VALUE - Median (dollars)
HC02_EST_VC10,Percent owner-occupied housing units with a mortgage; Estimate; VALUE - Median (dollars)
HC02_MOE_VC10,Percent owner-occupied housing units with a mortgage; Margin of Error; VALUE - Median (dollars)
HC01_EST_VC13,"Owner-occupied housing units with a mortgage; Estimate; MORTGAGE STATUS - With either a second mortgage, or home equity loan, but not both"
HC01_MOE_VC13,"Owner-occupied housing units with a mortgage; Margin of Error; MORTGAGE STATUS - With either a second mortgage, or home equity loan, but not both"
HC02_EST_VC13,"Percent owner-occupied housing units with a mortgage; Estimate; MORTGAGE STATUS - With either a second mortgage, or home equity loan, but not both"
HC02_MOE_VC13,"Percent owner-occupied housing units with a mortgage; Margin of Error; MORTGAGE STATUS - With either a second mortgage, or home equity loan, but not both"
HC01_EST_VC14,"Owner-occupied housing units with a mortgage; Estimate; MORTGAGE STATUS - With either a second mortgage, or home equity loan, but not both - Second mortgage only"
HC01_MOE_VC14,"Owner-occupied housing units with a mortgage; Margin of Error; MORTGAGE STATUS - With either a second mortgage, or home equity loan, but not both - Second mortgage only"
HC02_EST_VC14,"Percent owner-occupied housing units with a mortgage; Estimate; MORTGAGE STATUS - With either a second mortgage, or home equity loan, but not both - Second mortgage only"
HC02_MOE_VC14,"Percent owner-occupied housing units with a mortgage; Margin of Error; MORTGAGE STATUS - With either a second mortgage, or home equity loan, but not both - Second mortgage only"
HC01_EST_VC15,"Owner-occupied housing units with a mortgage; Estimate; MORTGAGE STATUS - With either a second mortgage, or home equity loan, but not both - Home equity loan only"
HC01_MOE_VC15,"Owner-occupied housing units with a mortgage; Margin of Error; MORTGAGE STATUS - With either a second mortgage, or home equity loan, but not both - Home equity loan only"
HC02_EST_VC15,"Percent owner-occupied housing units with a mortgage; Estimate; MORTGAGE STATUS - With either a second mortgage, or home equity loan, but not both - Home equity loan only"
HC02_MOE_VC15,"Percent owner-occupied housing units with a mortgage; Margin of Error; MORTGAGE STATUS - With either a second mortgage, or home equity loan, but not both - Home equity loan only"
HC01_EST_VC16,Owner-occupied housing units with a mortgage; Estimate; MORTGAGE STATUS - Both second mortgage and home equity loan
HC01_MOE_VC16,Owner-occupied housing units with a mortgage; Margin of Error; MORTGAGE STATUS - Both second mortgage and home equity loan
HC02_EST_VC16,Percent owner-occupied housing units with a mortgage; Estimate; MORTGAGE STATUS - Both second mortgage and home equity loan
HC02_MOE_VC16,Percent owner-occupied housing units with a mortgage; Margin of Error; MORTGAGE STATUS - Both second mortgage and home equity loan
HC01_EST_VC17,Owner-occupied housing units with a mortgage; Estimate; MORTGAGE STATUS - No second mortgage and no home equity loan
HC01_MOE_VC17,Owner-occupied housing units with a mortgage; Margin of Error; MORTGAGE STATUS - No second mortgage and no home equity loan
HC02_EST_VC17,Percent owner-occupied housing units with a mortgage; Estimate; MORTGAGE STATUS - No second mortgage and no home equity loan
HC02_MOE_VC17,Percent owner-occupied housing units with a mortgage; Margin of Error; MORTGAGE STATUS - No second mortgage and no home equity loan
HC01_EST_VC20,"Owner-occupied housing units with a mortgage; Estimate; HOUSEHOLD INCOME IN THE PAST 12 MONTHS (IN 2017 INFLATION-ADJUSTED DOLLARS) - Less than $10,000"
HC01_MOE_VC20,"Owner-occupied housing units with a mortgage; Margin of Error; HOUSEHOLD INCOME IN THE PAST 12 MONTHS (IN 2017 INFLATION-ADJUSTED DOLLARS) - Less than $10,000"
HC02_EST_VC20,"Percent owner-occupied housing units with a mortgage; Estimate; HOUSEHOLD INCOME IN THE PAST 12 MONTHS (IN 2017 INFLATION-ADJUSTED DOLLARS) - Less than $10,000"
HC02_MOE_VC20,"Percent owner-occupied housing units with a mortgage; Margin of Error; HOUSEHOLD INCOME IN THE PAST 12 MONTHS (IN 2017 INFLATION-ADJUSTED DOLLARS) - Less than $10,000"
HC01_EST_VC21,"Owner-occupied housing units with a mortgage; Estimate; HOUSEHOLD INCOME IN THE PAST 12 MONTHS (IN 2017 INFLATION-ADJUSTED DOLLARS) - $10,000 to $24,999"
HC01_MOE_VC21,"Owner-occupied housing units with a mortgage; Margin of Error; HOUSEHOLD INCOME IN THE PAST 12 MONTHS (IN 2017 INFLATION-ADJUSTED DOLLARS) - $10,000 to $24,999"
HC02_EST_VC21,"Percent owner-occupied housing units with a mortgage; Estimate; HOUSEHOLD INCOME IN THE PAST 12 MONTHS (IN 2017 INFLATION-ADJUSTED DOLLARS) - $10,000 to $24,999"
HC02_MOE_VC21,"Percent owner-occupied housing units with a mortgage; Margin of Error; HOUSEHOLD INCOME IN THE PAST 12 MONTHS (IN 2017 INFLATION-ADJUSTED DOLLARS) - $10,000 to $24,999"
HC01_EST_VC22,"Owner-occupied housing units with a mortgage; Estimate; HOUSEHOLD INCOME IN THE PAST 12 MONTHS (IN 2017 INFLATION-ADJUSTED DOLLARS) - $25,000 to $34,999"
HC01_MOE_VC22,"Owner-occupied housing units with a mortgage; Margin of Error; HOUSEHOLD INCOME IN THE PAST 12 MONTHS (IN 2017 INFLATION-ADJUSTED DOLLARS) - $25,000 to $34,999"
HC02_EST_VC22,"Percent owner-occupied housing units with a mortgage; Estimate; HOUSEHOLD INCOME IN THE PAST 12 MONTHS (IN 2017 INFLATION-ADJUSTED DOLLARS) - $25,000 to $34,999"
HC02_MOE_VC22,"Percent owner-occupied housing units with a mortgage; Margin of Error; HOUSEHOLD INCOME IN THE PAST 12 MONTHS (IN 2017 INFLATION-ADJUSTED DOLLARS) - $25,000 to $34,999"
HC01_EST_VC23,"Owner-occupied housing units with a mortgage; Estimate; HOUSEHOLD INCOME IN THE PAST 12 MONTHS (IN 2017 INFLATION-ADJUSTED DOLLARS) - $35,000 to $49,999"
HC01_MOE_VC23,"Owner-occupied housing units with a mortgage; Margin of Error; HOUSEHOLD INCOME IN THE PAST 12 MONTHS (IN 2017 INFLATION-ADJUSTED DOLLARS) - $35,000 to $49,999"
HC02_EST_VC23,"Percent owner-occupied housing units with a mortgage; Estimate; HOUSEHOLD INCOME IN THE PAST 12 MONTHS (IN 2017 INFLATION-ADJUSTED DOLLARS) - $35,000 to $49,999"
HC02_MOE_VC23,"Percent owner-occupied housing units with a mortgage; Margin of Error; HOUSEHOLD INCOME IN THE PAST 12 MONTHS (IN 2017 INFLATION-ADJUSTED DOLLARS) - $35,000 to $49,999"
HC01_EST_VC24,"Owner-occupied housing units with a mortgage; Estimate; HOUSEHOLD INCOME IN THE PAST 12 MONTHS (IN 2017 INFLATION-ADJUSTED DOLLARS) - $50,000 to $74,999"
HC01_MOE_VC24,"Owner-occupied housing units with a mortgage; Margin of Error; HOUSEHOLD INCOME IN THE PAST 12 MONTHS (IN 2017 INFLATION-ADJUSTED DOLLARS) - $50,000 to $74,999"
HC02_EST_VC24,"Percent owner-occupied housing units with a mortgage; Estimate; HOUSEHOLD INCOME IN THE PAST 12 MONTHS (IN 2017 INFLATION-ADJUSTED DOLLARS) - $50,000 to $74,999"
HC02_MOE_VC24,"Percent owner-occupied housing units with a mortgage; Margin of Error; HOUSEHOLD INCOME IN THE PAST 12 MONTHS (IN 2017 INFLATION-ADJUSTED DOLLARS) - $50,000 to $74,999"
HC01_EST_VC25,"Owner-occupied housing units with a mortgage; Estimate; HOUSEHOLD INCOME IN THE PAST 12 MONTHS (IN 2017 INFLATION-ADJUSTED DOLLARS) - $75,000 to $99,999"
HC01_MOE_VC25,"Owner-occupied housing units with a mortgage; Margin of Error; HOUSEHOLD INCOME IN THE PAST 12 MONTHS (IN 2017 INFLATION-ADJUSTED DOLLARS) - $75,000 to $99,999"
HC02_EST_VC25,"Percent owner-occupied housing units with a mortgage; Estimate; HOUSEHOLD INCOME IN THE PAST 12 MONTHS (IN 2017 INFLATION-ADJUSTED DOLLARS) - $75,000 to $99,999"
HC02_MOE_VC25,"Percent owner-occupied housing units with a mortgage; Margin of Error; HOUSEHOLD INCOME IN THE PAST 12 MONTHS (IN 2017 INFLATION-ADJUSTED DOLLARS) - $75,000 to $99,999"
HC01_EST_VC26,"Owner-occupied housing units with a mortgage; Estimate; HOUSEHOLD INCOME IN THE PAST 12 MONTHS (IN 2017 INFLATION-ADJUSTED DOLLARS) - $100,000 to $149,999"
HC01_MOE_VC26,"Owner-occupied housing units with a mortgage; Margin of Error; HOUSEHOLD INCOME IN THE PAST 12 MONTHS (IN 2017 INFLATION-ADJUSTED DOLLARS) - $100,000 to $149,999"
HC02_EST_VC26,"Percent owner-occupied housing units with a mortgage; Estimate; HOUSEHOLD INCOME IN THE PAST 12 MONTHS (IN 2017 INFLATION-ADJUSTED DOLLARS) - $100,000 to $149,999"
HC02_MOE_VC26,"Percent owner-occupied housing units with a mortgage; Margin of Error; HOUSEHOLD INCOME IN THE PAST 12 MONTHS (IN 2017 INFLATION-ADJUSTED DOLLARS) - $100,000 to $149,999"
HC01_EST_VC27,"Owner-occupied housing units with a mortgage; Estimate; HOUSEHOLD INCOME IN THE PAST 12 MONTHS (IN 2017 INFLATION-ADJUSTED DOLLARS) - $150,000 or more"
HC01_MOE_VC27,"Owner-occupied housing units with a mortgage; Margin of Error; HOUSEHOLD INCOME IN THE PAST 12 MONTHS (IN 2017 INFLATION-ADJUSTED DOLLARS) - $150,000 or more"
HC02_EST_VC27,"Percent owner-occupied housing units with a mortgage; Estimate; HOUSEHOLD INCOME IN THE PAST 12 MONTHS (IN 2017 INFLATION-ADJUSTED DOLLARS) - $150,000 or more"
HC02_MOE_VC27,"Percent owner-occupied housing units with a mortgage; Margin of Error; HOUSEHOLD INCOME IN THE PAST 12 MONTHS (IN 2017 INFLATION-ADJUSTED DOLLARS) - $150,000 or more"
HC01_EST_VC28,Owner-occupied housing units with a mortgage; Estimate; HOUSEHOLD INCOME IN THE PAST 12 MONTHS (IN 2017 INFLATION-ADJUSTED DOLLARS) - Median household income (dollars)
HC01_MOE_VC28,Owner-occupied housing units with a mortgage; Margin of Error; HOUSEHOLD INCOME IN THE PAST 12 MONTHS (IN 2017 INFLATION-ADJUSTED DOLLARS) - Median household income (dollars)
HC02_EST_VC28,Percent owner-occupied housing units with a mortgage; Estimate; HOUSEHOLD INCOME IN THE PAST 12 MONTHS (IN 2017 INFLATION-ADJUSTED DOLLARS) - Median household income (dollars)
HC02_MOE_VC28,Percent owner-occupied housing units with a mortgage; Margin of Error; HOUSEHOLD INCOME IN THE PAST 12 MONTHS (IN 2017 INFLATION-ADJUSTED DOLLARS) - Median household income (dollars)
HC01_EST_VC31,Owner-occupied housing units with a mortgage; Estimate; RATIO OF VALUE TO HOUSEHOLD INCOME IN THE PAST 12 MONTHS - Less than 2.0
HC01_MOE_VC31,Owner-occupied housing units with a mortgage; Margin of Error; RATIO OF VALUE TO HOUSEHOLD INCOME IN THE PAST 12 MONTHS - Less than 2.0
HC02_EST_VC31,Percent owner-occupied housing units with a mortgage; Estimate; RATIO OF VALUE TO HOUSEHOLD INCOME IN THE PAST 12 MONTHS - Less than 2.0
HC02_MOE_VC31,Percent owner-occupied housing units with a mortgage; Margin of Error; RATIO OF VALUE TO HOUSEHOLD INCOME IN THE PAST 12 MONTHS - Less than 2.0
HC01_EST_VC32,Owner-occupied housing units with a mortgage; Estimate; RATIO OF VALUE TO HOUSEHOLD INCOME IN THE PAST 12 MONTHS - 2.0 to 2.9
HC01_MOE_VC32,Owner-occupied housing units with a mortgage; Margin of Error; RATIO OF VALUE TO HOUSEHOLD INCOME IN THE PAST 12 MONTHS - 2.0 to 2.9
HC02_EST_VC32,Percent owner-occupied housing units with a mortgage; Estimate; RATIO OF VALUE TO HOUSEHOLD INCOME IN THE PAST 12 MONTHS - 2.0 to 2.9
HC02_MOE_VC32,Percent owner-occupied housing units with a mortgage; Margin of Error; RATIO OF VALUE TO HOUSEHOLD INCOME IN THE PAST 12 MONTHS - 2.0 to 2.9
HC01_EST_VC33,Owner-occupied housing units with a mortgage; Estimate; RATIO OF VALUE TO HOUSEHOLD INCOME IN THE PAST 12 MONTHS - 3.0 to 3.9
HC01_MOE_VC33,Owner-occupied housing units with a mortgage; Margin of Error; RATIO OF VALUE TO HOUSEHOLD INCOME IN THE PAST 12 MONTHS - 3.0 to 3.9
HC02_EST_VC33,Percent owner-occupied housing units with a mortgage; Estimate; RATIO OF VALUE TO HOUSEHOLD INCOME IN THE PAST 12 MONTHS - 3.0 to 3.9
HC02_MOE_VC33,Percent owner-occupied housing units with a mortgage; Margin of Error; RATIO OF VALUE TO HOUSEHOLD INCOME IN THE PAST 12 MONTHS - 3.0 to 3.9
HC01_EST_VC34,Owner-occupied housing units with a mortgage; Estimate; RATIO OF VALUE TO HOUSEHOLD INCOME IN THE PAST 12 MONTHS - 4.0 or more
HC01_MOE_VC34,Owner-occupied housing units with a mortgage; Margin of Error; RATIO OF VALUE TO HOUSEHOLD INCOME IN THE PAST 12 MONTHS - 4.0 or more
HC02_EST_VC34,Percent owner-occupied housing units with a mortgage; Estimate; RATIO OF VALUE TO HOUSEHOLD INCOME IN THE PAST 12 MONTHS - 4.0 or more
HC02_MOE_VC34,Percent owner-occupied housing units with a mortgage; Margin of Error; RATIO OF VALUE TO HOUSEHOLD INCOME IN THE PAST 12 MONTHS - 4.0 or more
HC01_EST_VC35,Owner-occupied housing units with a mortgage; Estimate; RATIO OF VALUE TO HOUSEHOLD INCOME IN THE PAST 12 MONTHS - Not computed
HC01_MOE_VC35,Owner-occupied housing units with a mortgage; Margin of Error; RATIO OF VALUE TO HOUSEHOLD INCOME IN THE PAST 12 MONTHS - Not computed
HC02_EST_VC35,Percent owner-occupied housing units with a mortgage; Estimate; RATIO OF VALUE TO HOUSEHOLD INCOME IN THE PAST 12 MONTHS - Not computed
HC02_MOE_VC35,Percent owner-occupied housing units with a mortgage; Margin of Error; RATIO OF VALUE TO HOUSEHOLD INCOME IN THE PAST 12 MONTHS - Not computed
HC01_EST_VC38,Owner-occupied housing units with a mortgage; Estimate; MONTHLY HOUSING COSTS - Less than $200
HC01_MOE_VC38,Owner-occupied housing units with a mortgage; Margin of Error; MONTHLY HOUSING COSTS - Less than $200
HC02_EST_VC38,Percent owner-occupied housing units with a mortgage; Estimate; MONTHLY HOUSING COSTS - Less than $200
HC02_MOE_VC38,Percent owner-occupied housing units with a mortgage; Margin of Error; MONTHLY HOUSING COSTS - Less than $200
HC01_EST_VC39,Owner-occupied housing units with a mortgage; Estimate; MONTHLY HOUSING COSTS - $200 to $399
HC01_MOE_VC39,Owner-occupied housing units with a mortgage; Margin of Error; MONTHLY HOUSING COSTS - $200 to $399
HC02_EST_VC39,Percent owner-occupied housing units with a mortgage; Estimate; MONTHLY HOUSING COSTS - $200 to $399
HC02_MOE_VC39,Percent owner-occupied housing units with a mortgage; Margin of Error; MONTHLY HOUSING COSTS - $200 to $399
HC01_EST_VC40,Owner-occupied housing units with a mortgage; Estimate; MONTHLY HOUSING COSTS - $400 to $599
HC01_MOE_VC40,Owner-occupied housing units with a mortgage; Margin of Error; MONTHLY HOUSING COSTS - $400 to $599
HC02_EST_VC40,Percent owner-occupied housing units with a mortgage; Estimate; MONTHLY HOUSING COSTS - $400 to $599
HC02_MOE_VC40,Percent owner-occupied housing units with a mortgage; Margin of Error; MONTHLY HOUSING COSTS - $400 to $599
HC01_EST_VC41,Owner-occupied housing units with a mortgage; Estimate; MONTHLY HOUSING COSTS - $600 to $799
HC01_MOE_VC41,Owner-occupied housing units with a mortgage; Margin of Error; MONTHLY HOUSING COSTS - $600 to $799
HC02_EST_VC41,Percent owner-occupied housing units with a mortgage; Estimate; MONTHLY HOUSING COSTS - $600 to $799
HC02_MOE_VC41,Percent owner-occupied housing units with a mortgage; Margin of Error; MONTHLY HOUSING COSTS - $600 to $799
HC01_EST_VC42,Owner-occupied housing units with a mortgage; Estimate; MONTHLY HOUSING COSTS - $800 to $999
HC01_MOE_VC42,Owner-occupied housing units with a mortgage; Margin of Error; MONTHLY HOUSING COSTS - $800 to $999
HC02_EST_VC42,Percent owner-occupied housing units with a mortgage; Estimate; MONTHLY HOUSING COSTS - $800 to $999
HC02_MOE_VC42,Percent owner-occupied housing units with a mortgage; Margin of Error; MONTHLY HOUSING COSTS - $800 to $999
HC01_EST_VC43,"Owner-occupied housing units with a mortgage; Estimate; MONTHLY HOUSING COSTS - $1,000 to $1,499"
HC01_MOE_VC43,"Owner-occupied housing units with a mortgage; Margin of Error; MONTHLY HOUSING COSTS - $1,000 to $1,499"
HC02_EST_VC43,"Percent owner-occupied housing units with a mortgage; Estimate; MONTHLY HOUSING COSTS - $1,000 to $1,499"
HC02_MOE_VC43,"Percent owner-occupied housing units with a mortgage; Margin of Error; MONTHLY HOUSING COSTS - $1,000 to $1,499"
HC01_EST_VC44,"Owner-occupied housing units with a mortgage; Estimate; MONTHLY HOUSING COSTS - $1,500 to $1,999"
HC01_MOE_VC44,"Owner-occupied housing units with a mortgage; Margin of Error; MONTHLY HOUSING COSTS - $1,500 to $1,999"
HC02_EST_VC44,"Percent owner-occupied housing units with a mortgage; Estimate; MONTHLY HOUSING COSTS - $1,500 to $1,999"
HC02_MOE_VC44,"Percent owner-occupied housing units with a mortgage; Margin of Error; MONTHLY HOUSING COSTS - $1,500 to $1,999"
HC01_EST_VC45,"Owner-occupied housing units with a mortgage; Estimate; MONTHLY HOUSING COSTS - $2,000 to $2,499"
HC01_MOE_VC45,"Owner-occupied housing units with a mortgage; Margin of Error; MONTHLY HOUSING COSTS - $2,000 to $2,499"
HC02_EST_VC45,"Percent owner-occupied housing units with a mortgage; Estimate; MONTHLY HOUSING COSTS - $2,000 to $2,499"
HC02_MOE_VC45,"Percent owner-occupied housing units with a mortgage; Margin of Error; MONTHLY HOUSING COSTS - $2,000 to $2,499"
HC01_EST_VC46,"Owner-occupied housing units with a mortgage; Estimate; MONTHLY HOUSING COSTS - $2,500 to $2,999"
HC01_MOE_VC46,"Owner-occupied housing units with a mortgage; Margin of Error; MONTHLY HOUSING COSTS - $2,500 to $2,999"
HC02_EST_VC46,"Percent owner-occupied housing units with a mortgage; Estimate; MONTHLY HOUSING COSTS - $2,500 to $2,999"
HC02_MOE_VC46,"Percent owner-occupied housing units with a mortgage; Margin of Error; MONTHLY HOUSING COSTS - $2,500 to $2,999"
HC01_EST_VC47,"Owner-occupied housing units with a mortgage; Estimate; MONTHLY HOUSING COSTS - $3,000 or more"
HC01_MOE_VC47,"Owner-occupied housing units with a mortgage; Margin of Error; MONTHLY HOUSING COSTS - $3,000 or more"
HC02_EST_VC47,"Percent owner-occupied housing units with a mortgage; Estimate; MONTHLY HOUSING COSTS - $3,000 or more"
HC02_MOE_VC47,"Percent owner-occupied housing units with a mortgage; Margin of Error; MONTHLY HOUSING COSTS - $3,000 or more"
HC01_EST_VC48,Owner-occupied housing units with a mortgage; Estimate; MONTHLY HOUSING COSTS - Median (dollars)
HC01_MOE_VC48,Owner-occupied housing units with a mortgage; Margin of Error; MONTHLY HOUSING COSTS - Median (dollars)
HC02_EST_VC48,Percent owner-occupied housing units with a mortgage; Estimate; MONTHLY HOUSING COSTS - Median (dollars)
HC02_MOE_VC48,Percent owner-occupied housing units with a mortgage; Margin of Error; MONTHLY HOUSING COSTS - Median (dollars)
HC01_EST_VC51,"Owner-occupied housing units with a mortgage; Estimate; MONTHLY HOUSING COSTS AS A PERCENTAGE OF HOUSEHOLD INCOME IN THE PAST 12 MONTHS - Less than $20,000"
HC01_MOE_VC51,"Owner-occupied housing units with a mortgage; Margin of Error; MONTHLY HOUSING COSTS AS A PERCENTAGE OF HOUSEHOLD INCOME IN THE PAST 12 MONTHS - Less than $20,000"
HC02_EST_VC51,"Percent owner-occupied housing units with a mortgage; Estimate; MONTHLY HOUSING COSTS AS A PERCENTAGE OF HOUSEHOLD INCOME IN THE PAST 12 MONTHS - Less than $20,000"
HC02_MOE_VC51,"Percent owner-occupied housing units with a mortgage; Margin of Error; MONTHLY HOUSING COSTS AS A PERCENTAGE OF HOUSEHOLD INCOME IN THE PAST 12 MONTHS - Less than $20,000"
HC01_EST_VC52,"Owner-occupied housing units with a mortgage; Estimate; MONTHLY HOUSING COSTS AS A PERCENTAGE OF HOUSEHOLD INCOME IN THE PAST 12 MONTHS - Less than $20,000 - Less than 20 percent"
HC01_MOE_VC52,"Owner-occupied housing units with a mortgage; Margin of Error; MONTHLY HOUSING COSTS AS A PERCENTAGE OF HOUSEHOLD INCOME IN THE PAST 12 MONTHS - Less than $20,000 - Less than 20 percent"
HC02_EST_VC52,"Percent owner-occupied housing units with a mortgage; Estimate; MONTHLY HOUSING COSTS AS A PERCENTAGE OF HOUSEHOLD INCOME IN THE PAST 12 MONTHS - Less than $20,000 - Less than 20 percent"
HC02_MOE_VC52,"Percent owner-occupied housing units with a mortgage; Margin of Error; MONTHLY HOUSING COSTS AS A PERCENTAGE OF HOUSEHOLD INCOME IN THE PAST 12 MONTHS - Less than $20,000 - Less than 20 percent"
HC01_EST_VC53,"Owner-occupied housing units with a mortgage; Estimate; MONTHLY HOUSING COSTS AS A PERCENTAGE OF HOUSEHOLD INCOME IN THE PAST 12 MONTHS - Less than $20,000 - 20 to 29 percent"
HC01_MOE_VC53,"Owner-occupied housing units with a mortgage; Margin of Error; MONTHLY HOUSING COSTS AS A PERCENTAGE OF HOUSEHOLD INCOME IN THE PAST 12 MONTHS - Less than $20,000 - 20 to 29 percent"
HC02_EST_VC53,"Percent owner-occupied housing units with a mortgage; Estimate; MONTHLY HOUSING COSTS AS A PERCENTAGE OF HOUSEHOLD INCOME IN THE PAST 12 MONTHS - Less than $20,000 - 20 to 29 percent"
HC02_MOE_VC53,"Percent owner-occupied housing units with a mortgage; Margin of Error; MONTHLY HOUSING COSTS AS A PERCENTAGE OF HOUSEHOLD INCOME IN THE PAST 12 MONTHS - Less than $20,000 - 20 to 29 percent"
HC01_EST_VC54,"Owner-occupied housing units with a mortgage; Estimate; MONTHLY HOUSING COSTS AS A PERCENTAGE OF HOUSEHOLD INCOME IN THE PAST 12 MONTHS - Less than $20,000 - 30 percent or more"
HC01_MOE_VC54,"Owner-occupied housing units with a mortgage; Margin of Error; MONTHLY HOUSING COSTS AS A PERCENTAGE OF HOUSEHOLD INCOME IN THE PAST 12 MONTHS - Less than $20,000 - 30 percent or more"
HC02_EST_VC54,"Percent owner-occupied housing units with a mortgage; Estimate; MONTHLY HOUSING COSTS AS A PERCENTAGE OF HOUSEHOLD INCOME IN THE PAST 12 MONTHS - Less than $20,000 - 30 percent or more"
HC02_MOE_VC54,"Percent owner-occupied housing units with a mortgage; Margin of Error; MONTHLY HOUSING COSTS AS A PERCENTAGE OF HOUSEHOLD INCOME IN THE PAST 12 MONTHS - Less than $20,000 - 30 percent or more"
HC01_EST_VC55,"Owner-occupied housing units with a mortgage; Estimate; MONTHLY HOUSING COSTS AS A PERCENTAGE OF HOUSEHOLD INCOME IN THE PAST 12 MONTHS - $20,000 to $34,999"
HC01_MOE_VC55,"Owner-occupied housing units with a mortgage; Margin of Error; MONTHLY HOUSING COSTS AS A PERCENTAGE OF HOUSEHOLD INCOME IN THE PAST 12 MONTHS - $20,000 to $34,999"
HC02_EST_VC55,"Percent owner-occupied housing units with a mortgage; Estimate; MONTHLY HOUSING COSTS AS A PERCENTAGE OF HOUSEHOLD INCOME IN THE PAST 12 MONTHS - $20,000 to $34,999"
HC02_MOE_VC55,"Percent owner-occupied housing units with a mortgage; Margin of Error; MONTHLY HOUSING COSTS AS A PERCENTAGE OF HOUSEHOLD INCOME IN THE PAST 12 MONTHS - $20,000 to $34,999"
HC01_EST_VC56,"Owner-occupied housing units with a mortgage; Estimate; MONTHLY HOUSING COSTS AS A PERCENTAGE OF HOUSEHOLD INCOME IN THE PAST 12 MONTHS - $20,000 to $34,999 - Less than 20 percent"
HC01_MOE_VC56,"Owner-occupied housing units with a mortgage; Margin of Error; MONTHLY HOUSING COSTS AS A PERCENTAGE OF HOUSEHOLD INCOME IN THE PAST 12 MONTHS - $20,000 to $34,999 - Less than 20 percent"
HC02_EST_VC56,"Percent owner-occupied housing units with a mortgage; Estimate; MONTHLY HOUSING COSTS AS A PERCENTAGE OF HOUSEHOLD INCOME IN THE PAST 12 MONTHS - $20,000 to $34,999 - Less than 20 percent"
HC02_MOE_VC56,"Percent owner-occupied housing units with a mortgage; Margin of Error; MONTHLY HOUSING COSTS AS A PERCENTAGE OF HOUSEHOLD INCOME IN THE PAST 12 MONTHS - $20,000 to $34,999 - Less than 20 percent"
HC01_EST_VC57,"Owner-occupied housing units with a mortgage; Estimate; MONTHLY HOUSING COSTS AS A PERCENTAGE OF HOUSEHOLD INCOME IN THE PAST 12 MONTHS - $20,000 to $34,999 - 20 to 29 percent"
HC01_MOE_VC57,"Owner-occupied housing units with a mortgage; Margin of Error; MONTHLY HOUSING COSTS AS A PERCENTAGE OF HOUSEHOLD INCOME IN THE PAST 12 MONTHS - $20,000 to $34,999 - 20 to 29 percent"
HC02_EST_VC57,"Percent owner-occupied housing units with a mortgage; Estimate; MONTHLY HOUSING COSTS AS A PERCENTAGE OF HOUSEHOLD INCOME IN THE PAST 12 MONTHS - $20,000 to $34,999 - 20 to 29 percent"
HC02_MOE_VC57,"Percent owner-occupied housing units with a mortgage; Margin of Error; MONTHLY HOUSING COSTS AS A PERCENTAGE OF HOUSEHOLD INCOME IN THE PAST 12 MONTHS - $20,000 to $34,999 - 20 to 29 percent"
HC01_EST_VC58,"Owner-occupied housing units with a mortgage; Estimate; MONTHLY HOUSING COSTS AS A PERCENTAGE OF HOUSEHOLD INCOME IN THE PAST 12 MONTHS - $20,000 to $34,999 - 30 percent or more"
HC01_MOE_VC58,"Owner-occupied housing units with a mortgage; Margin of Error; MONTHLY HOUSING COSTS AS A PERCENTAGE OF HOUSEHOLD INCOME IN THE PAST 12 MONTHS - $20,000 to $34,999 - 30 percent or more"
HC02_EST_VC58,"Percent owner-occupied housing units with a mortgage; Estimate; MONTHLY HOUSING COSTS AS A PERCENTAGE OF HOUSEHOLD INCOME IN THE PAST 12 MONTHS - $20,000 to $34,999 - 30 percent or more"
HC02_MOE_VC58,"Percent owner-occupied housing units with a mortgage; Margin of Error; MONTHLY HOUSING COSTS AS A PERCENTAGE OF HOUSEHOLD INCOME IN THE PAST 12 MONTHS - $20,000 to $34,999 - 30 percent or more"
HC01_EST_VC59,"Owner-occupied housing units with a mortgage; Estimate; MONTHLY HOUSING COSTS AS A PERCENTAGE OF HOUSEHOLD INCOME IN THE PAST 12 MONTHS - $35,000 to $49,999"
HC01_MOE_VC59,"Owner-occupied housing units with a mortgage; Margin of Error; MONTHLY HOUSING COSTS AS A PERCENTAGE OF HOUSEHOLD INCOME IN THE PAST 12 MONTHS - $35,000 to $49,999"
HC02_EST_VC59,"Percent owner-occupied housing units with a mortgage; Estimate; MONTHLY HOUSING COSTS AS A PERCENTAGE OF HOUSEHOLD INCOME IN THE PAST 12 MONTHS - $35,000 to $49,999"
HC02_MOE_VC59,"Percent owner-occupied housing units with a mortgage; Margin of Error; MONTHLY HOUSING COSTS AS A PERCENTAGE OF HOUSEHOLD INCOME IN THE PAST 12 MONTHS - $35,000 to $49,999"
HC01_EST_VC60,"Owner-occupied housing units with a mortgage; Estimate; MONTHLY HOUSING COSTS AS A PERCENTAGE OF HOUSEHOLD INCOME IN THE PAST 12 MONTHS - $35,000 to $49,999 - Less than 20 percent"
HC01_MOE_VC60,"Owner-occupied housing units with a mortgage; Margin of Error; MONTHLY HOUSING COSTS AS A PERCENTAGE OF HOUSEHOLD INCOME IN THE PAST 12 MONTHS - $35,000 to $49,999 - Less than 20 percent"
HC02_EST_VC60,"Percent owner-occupied housing units with a mortgage; Estimate; MONTHLY HOUSING COSTS AS A PERCENTAGE OF HOUSEHOLD INCOME IN THE PAST 12 MONTHS - $35,000 to $49,999 - Less than 20 percent"
HC02_MOE_VC60,"Percent owner-occupied housing units with a mortgage; Margin of Error; MONTHLY HOUSING COSTS AS A PERCENTAGE OF HOUSEHOLD INCOME IN THE PAST 12 MONTHS - $35,000 to $49,999 - Less than 20 percent"
HC01_EST_VC61,"Owner-occupied housing units with a mortgage; Estimate; MONTHLY HOUSING COSTS AS A PERCENTAGE OF HOUSEHOLD INCOME IN THE PAST 12 MONTHS - $35,000 to $49,999 - 20 to 29 percent"
HC01_MOE_VC61,"Owner-occupied housing units with a mortgage; Margin of Error; MONTHLY HOUSING COSTS AS A PERCENTAGE OF HOUSEHOLD INCOME IN THE PAST 12 MONTHS - $35,000 to $49,999 - 20 to 29 percent"
HC02_EST_VC61,"Percent owner-occupied housing units with a mortgage; Estimate; MONTHLY HOUSING COSTS AS A PERCENTAGE OF HOUSEHOLD INCOME IN THE PAST 12 MONTHS - $35,000 to $49,999 - 20 to 29 percent"
HC02_MOE_VC61,"Percent owner-occupied housing units with a mortgage; Margin of Error; MONTHLY HOUSING COSTS AS A PERCENTAGE OF HOUSEHOLD INCOME IN THE PAST 12 MONTHS - $35,000 to $49,999 - 20 to 29 percent"
HC01_EST_VC62,"Owner-occupied housing units with a mortgage; Estimate; MONTHLY HOUSING COSTS AS A PERCENTAGE OF HOUSEHOLD INCOME IN THE PAST 12 MONTHS - $35,000 to $49,999 - 30 percent or more"
HC01_MOE_VC62,"Owner-occupied housing units with a mortgage; Margin of Error; MONTHLY HOUSING COSTS AS A PERCENTAGE OF HOUSEHOLD INCOME IN THE PAST 12 MONTHS - $35,000 to $49,999 - 30 percent or more"
HC02_EST_VC62,"Percent owner-occupied housing units with a mortgage; Estimate; MONTHLY HOUSING COSTS AS A PERCENTAGE OF HOUSEHOLD INCOME IN THE PAST 12 MONTHS - $35,000 to $49,999 - 30 percent or more"
HC02_MOE_VC62,"Percent owner-occupied housing units with a mortgage; Margin of Error; MONTHLY HOUSING COSTS AS A PERCENTAGE OF HOUSEHOLD INCOME IN THE PAST 12 MONTHS - $35,000 to $49,999 - 30 percent or more"
HC01_EST_VC63,"Owner-occupied housing units with a mortgage; Estimate; MONTHLY HOUSING COSTS AS A PERCENTAGE OF HOUSEHOLD INCOME IN THE PAST 12 MONTHS - $50,000 to $74,999"
HC01_MOE_VC63,"Owner-occupied housing units with a mortgage; Margin of Error; MONTHLY HOUSING COSTS AS A PERCENTAGE OF HOUSEHOLD INCOME IN THE PAST 12 MONTHS - $50,000 to $74,999"
HC02_EST_VC63,"Percent owner-occupied housing units with a mortgage; Estimate; MONTHLY HOUSING COSTS AS A PERCENTAGE OF HOUSEHOLD INCOME IN THE PAST 12 MONTHS - $50,000 to $74,999"
HC02_MOE_VC63,"Percent owner-occupied housing units with a mortgage; Margin of Error; MONTHLY HOUSING COSTS AS A PERCENTAGE OF HOUSEHOLD INCOME IN THE PAST 12 MONTHS - $50,000 to $74,999"
HC01_EST_VC64,"Owner-occupied housing units with a mortgage; Estimate; MONTHLY HOUSING COSTS AS A PERCENTAGE OF HOUSEHOLD INCOME IN THE PAST 12 MONTHS - $50,000 to $74,999 - Less than 20 percent"
HC01_MOE_VC64,"Owner-occupied housing units with a mortgage; Margin of Error; MONTHLY HOUSING COSTS AS A PERCENTAGE OF HOUSEHOLD INCOME IN THE PAST 12 MONTHS - $50,000 to $74,999 - Less than 20 percent"
HC02_EST_VC64,"Percent owner-occupied housing units with a mortgage; Estimate; MONTHLY HOUSING COSTS AS A PERCENTAGE OF HOUSEHOLD INCOME IN THE PAST 12 MONTHS - $50,000 to $74,999 - Less than 20 percent"
HC02_MOE_VC64,"Percent owner-occupied housing units with a mortgage; Margin of Error; MONTHLY HOUSING COSTS AS A PERCENTAGE OF HOUSEHOLD INCOME IN THE PAST 12 MONTHS - $50,000 to $74,999 - Less than 20 percent"
HC01_EST_VC65,"Owner-occupied housing units with a mortgage; Estimate; MONTHLY HOUSING COSTS AS A PERCENTAGE OF HOUSEHOLD INCOME IN THE PAST 12 MONTHS - $50,000 to $74,999 - 20 to 29 percent"
HC01_MOE_VC65,"Owner-occupied housing units with a mortgage; Margin of Error; MONTHLY HOUSING COSTS AS A PERCENTAGE OF HOUSEHOLD INCOME IN THE PAST 12 MONTHS - $50,000 to $74,999 - 20 to 29 percent"
HC02_EST_VC65,"Percent owner-occupied housing units with a mortgage; Estimate; MONTHLY HOUSING COSTS AS A PERCENTAGE OF HOUSEHOLD INCOME IN THE PAST 12 MONTHS - $50,000 to $74,999 - 20 to 29 percent"
HC02_MOE_VC65,"Percent owner-occupied housing units with a mortgage; Margin of Error; MONTHLY HOUSING COSTS AS A PERCENTAGE OF HOUSEHOLD INCOME IN THE PAST 12 MONTHS - $50,000 to $74,999 - 20 to 29 percent"
HC01_EST_VC66,"Owner-occupied housing units with a mortgage; Estimate; MONTHLY HOUSING COSTS AS A PERCENTAGE OF HOUSEHOLD INCOME IN THE PAST 12 MONTHS - $50,000 to $74,999 - 30 percent or more"
HC01_MOE_VC66,"Owner-occupied housing units with a mortgage; Margin of Error; MONTHLY HOUSING COSTS AS A PERCENTAGE OF HOUSEHOLD INCOME IN THE PAST 12 MONTHS - $50,000 to $74,999 - 30 percent or more"
HC02_EST_VC66,"Percent owner-occupied housing units with a mortgage; Estimate; MONTHLY HOUSING COSTS AS A PERCENTAGE OF HOUSEHOLD INCOME IN THE PAST 12 MONTHS - $50,000 to $74,999 - 30 percent or more"
HC02_MOE_VC66,"Percent owner-occupied housing units with a mortgage; Margin of Error; MONTHLY HOUSING COSTS AS A PERCENTAGE OF HOUSEHOLD INCOME IN THE PAST 12 MONTHS - $50,000 to $74,999 - 30 percent or more"
HC01_EST_VC67,"Owner-occupied housing units with a mortgage; Estimate; MONTHLY HOUSING COSTS AS A PERCENTAGE OF HOUSEHOLD INCOME IN THE PAST 12 MONTHS - $75,000 or more"
HC01_MOE_VC67,"Owner-occupied housing units with a mortgage; Margin of Error; MONTHLY HOUSING COSTS AS A PERCENTAGE OF HOUSEHOLD INCOME IN THE PAST 12 MONTHS - $75,000 or more"
HC02_EST_VC67,"Percent owner-occupied housing units with a mortgage; Estimate; MONTHLY HOUSING COSTS AS A PERCENTAGE OF HOUSEHOLD INCOME IN THE PAST 12 MONTHS - $75,000 or more"
HC02_MOE_VC67,"Percent owner-occupied housing units with a mortgage; Margin of Error; MONTHLY HOUSING COSTS AS A PERCENTAGE OF HOUSEHOLD INCOME IN THE PAST 12 MONTHS - $75,000 or more"
HC01_EST_VC68,"Owner-occupied housing units with a mortgage; Estimate; MONTHLY HOUSING COSTS AS A PERCENTAGE OF HOUSEHOLD INCOME IN THE PAST 12 MONTHS - $75,000 or more - Less than 20 percent"
HC01_MOE_VC68,"Owner-occupied housing units with a mortgage; Margin of Error; MONTHLY HOUSING COSTS AS A PERCENTAGE OF HOUSEHOLD INCOME IN THE PAST 12 MONTHS - $75,000 or more - Less than 20 percent"
HC02_EST_VC68,"Percent owner-occupied housing units with a mortgage; Estimate; MONTHLY HOUSING COSTS AS A PERCENTAGE OF HOUSEHOLD INCOME IN THE PAST 12 MONTHS - $75,000 or more - Less than 20 percent"
HC02_MOE_VC68,"Percent owner-occupied housing units with a mortgage; Margin of Error; MONTHLY HOUSING COSTS AS A PERCENTAGE OF HOUSEHOLD INCOME IN THE PAST 12 MONTHS - $75,000 or more - Less than 20 percent"
HC01_EST_VC69,"Owner-occupied housing units with a mortgage; Estimate; MONTHLY HOUSING COSTS AS A PERCENTAGE OF HOUSEHOLD INCOME IN THE PAST 12 MONTHS - $75,000 or more - 20 to 29 percent"
HC01_MOE_VC69,"Owner-occupied housing units with a mortgage; Margin of Error; MONTHLY HOUSING COSTS AS A PERCENTAGE OF HOUSEHOLD INCOME IN THE PAST 12 MONTHS - $75,000 or more - 20 to 29 percent"
HC02_EST_VC69,"Percent owner-occupied housing units with a mortgage; Estimate; MONTHLY HOUSING COSTS AS A PERCENTAGE OF HOUSEHOLD INCOME IN THE PAST 12 MONTHS - $75,000 or more - 20 to 29 percent"
HC02_MOE_VC69,"Percent owner-occupied housing units with a mortgage; Margin of Error; MONTHLY HOUSING COSTS AS A PERCENTAGE OF HOUSEHOLD INCOME IN THE PAST 12 MONTHS - $75,000 or more - 20 to 29 percent"
HC01_EST_VC70,"Owner-occupied housing units with a mortgage; Estimate; MONTHLY HOUSING COSTS AS A PERCENTAGE OF HOUSEHOLD INCOME IN THE PAST 12 MONTHS - $75,000 or more - 30 percent or more"
HC01_MOE_VC70,"Owner-occupied housing units with a mortgage; Margin of Error; MONTHLY HOUSING COSTS AS A PERCENTAGE OF HOUSEHOLD INCOME IN THE PAST 12 MONTHS - $75,000 or more - 30 percent or more"
HC02_EST_VC70,"Percent owner-occupied housing units with a mortgage; Estimate; MONTHLY HOUSING COSTS AS A PERCENTAGE OF HOUSEHOLD INCOME IN THE PAST 12 MONTHS - $75,000 or more - 30 percent or more"
HC02_MOE_VC70,"Percent owner-occupied housing units with a mortgage; Margin of Error; MONTHLY HOUSING COSTS AS A PERCENTAGE OF HOUSEHOLD INCOME IN THE PAST 12 MONTHS - $75,000 or more - 30 percent or more"
HC01_EST_VC71,Owner-occupied housing units with a mortgage; Estimate; MONTHLY HOUSING COSTS AS A PERCENTAGE OF HOUSEHOLD INCOME IN THE PAST 12 MONTHS - Zero or negative income
HC01_MOE_VC71,Owner-occupied housing units with a mortgage; Margin of Error; MONTHLY HOUSING COSTS AS A PERCENTAGE OF HOUSEHOLD INCOME IN THE PAST 12 MONTHS - Zero or negative income
HC02_EST_VC71,Percent owner-occupied housing units with a mortgage; Estimate; MONTHLY HOUSING COSTS AS A PERCENTAGE OF HOUSEHOLD INCOME IN THE PAST 12 MONTHS - Zero or negative income
HC02_MOE_VC71,Percent owner-occupied housing units with a mortgage; Margin of Error; MONTHLY HOUSING COSTS AS A PERCENTAGE OF HOUSEHOLD INCOME IN THE PAST 12 MONTHS - Zero or negative income
HC01_EST_VC74,Owner-occupied housing units with a mortgage; Estimate; REAL ESTATE TAXES - Less than $800
HC01_MOE_VC74,Owner-occupied housing units with a mortgage; Margin of Error; REAL ESTATE TAXES - Less than $800
HC02_EST_VC74,Percent owner-occupied housing units with a mortgage; Estimate; REAL ESTATE TAXES - Less than $800
HC02_MOE_VC74,Percent owner-occupied housing units with a mortgage; Margin of Error; REAL ESTATE TAXES - Less than $800
HC01_EST_VC75,"Owner-occupied housing units with a mortgage; Estimate; REAL ESTATE TAXES - $800 to $1,499"
HC01_MOE_VC75,"Owner-occupied housing units with a mortgage; Margin of Error; REAL ESTATE TAXES - $800 to $1,499"
HC02_EST_VC75,"Percent owner-occupied housing units with a mortgage; Estimate; REAL ESTATE TAXES - $800 to $1,499"
HC02_MOE_VC75,"Percent owner-occupied housing units with a mortgage; Margin of Error; REAL ESTATE TAXES - $800 to $1,499"
HC01_EST_VC76,"Owner-occupied housing units with a mortgage; Estimate; REAL ESTATE TAXES - $1,500 or more"
HC01_MOE_VC76,"Owner-occupied housing units with a mortgage; Margin of Error; REAL ESTATE TAXES - $1,500 or more"
HC02_EST_VC76,"Percent owner-occupied housing units with a mortgage; Estimate; REAL ESTATE TAXES - $1,500 or more"
HC02_MOE_VC76,"Percent owner-occupied housing units with a mortgage; Margin of Error; REAL ESTATE TAXES - $1,500 or more"
HC01_EST_VC77,Owner-occupied housing units with a mortgage; Estimate; REAL ESTATE TAXES - No real estate taxes paid
HC01_MOE_VC77,Owner-occupied housing units with a mortgage; Margin of Error; REAL ESTATE TAXES - No real estate taxes paid
HC02_EST_VC77,Percent owner-occupied housing units with a mortgage; Estimate; REAL ESTATE TAXES - No real estate taxes paid
HC02_MOE_VC77,Percent owner-occupied housing units with a mortgage; Margin of Error; REAL ESTATE TAXES - No real estate taxes paid
HC01_EST_VC78,Owner-occupied housing units with a mortgage; Estimate; REAL ESTATE TAXES - Median (dollars)
HC01_MOE_VC78,Owner-occupied housing units with a mortgage; Margin of Error; REAL ESTATE TAXES - Median (dollars)
HC02_EST_VC78,Percent owner-occupied housing units with a mortgage; Estimate; REAL ESTATE TAXES - Median (dollars)
HC02_MOE_VC78,Percent owner-occupied housing units with a mortgage; Margin of Error; REAL ESTATE TAXES - Median (dollars)
