GEO.id,GEO.id2,GEO.display-label,HD01_VD01,HD02_VD01,HD01_VD03,HD02_VD03,HD01_VD04,HD02_VD04,HD01_VD05,HD02_VD05,HD01_VD06,HD02_VD06,HD01_VD07,HD02_VD07,HD01_VD08,HD02_VD08,HD01_VD09,HD02_VD09,HD01_VD10,HD02_VD10,HD01_VD11,HD02_VD11,HD01_VD12,HD02_VD12,HD01_VD13,HD02_VD13,HD01_VD14,HD02_VD14,HD01_VD15,HD02_VD15,HD01_VD16,HD02_VD16,HD01_VD17,HD02_VD17,HD01_VD18,HD02_VD18,HD01_VD19,HD02_VD19,HD01_VD20,HD02_VD20,HD01_VD21,HD02_VD21,HD01_VD22,HD02_VD22,HD01_VD23,HD02_VD23,HD01_VD24,HD02_VD24,HD01_VD25,HD02_VD25,HD01_VD26,HD02_VD26,HD01_VD27,HD02_VD27,HD01_VD28,HD02_VD28,HD01_VD29,HD02_VD29,HD01_VD30,HD02_VD30,HD01_VD31,HD02_VD31,HD01_VD32,HD02_VD32,HD01_VD33,HD02_VD33,HD01_VD34,HD02_VD34,HD01_VD35,HD02_VD35,HD01_VD36,HD02_VD36,HD01_VD37,HD02_VD37
Id,Id2,Geography,Estimate; Total:,Margin of Error; Total:,Estimate; Total: - Less than high school graduate,Margin of Error; Total: - Less than high school graduate,Estimate; Total: - High school graduate (includes equivalency),Margin of Error; Total: - High school graduate (includes equivalency),Estimate; Total: - Some college or associate's degree,Margin of Error; Total: - Some college or associate's degree,Estimate; Total: - Bachelor's degree,Margin of Error; Total: - Bachelor's degree,Estimate; Total: - Graduate or professional degree,Margin of Error; Total: - Graduate or professional degree,Estimate; Total: - Same house 1 year ago:,Margin of Error; Total: - Same house 1 year ago:,Estimate; Total: - Same house 1 year ago: - Less than high school graduate,Margin of Error; Total: - Same house 1 year ago: - Less than high school graduate,Estimate; Total: - Same house 1 year ago: - High school graduate (includes equivalency),Margin of Error; Total: - Same house 1 year ago: - High school graduate (includes equivalency),Estimate; Total: - Same house 1 year ago: - Some college or associate's degree,Margin of Error; Total: - Same house 1 year ago: - Some college or associate's degree,Estimate; Total: - Same house 1 year ago: - Bachelor's degree,Margin of Error; Total: - Same house 1 year ago: - Bachelor's degree,Estimate; Total: - Same house 1 year ago: - Graduate or professional degree,Margin of Error; Total: - Same house 1 year ago: - Graduate or professional degree,Estimate; Total: - Moved within same county:,Margin of Error; Total: - Moved within same county:,Estimate; Total: - Moved within same county: - Less than high school graduate,Margin of Error; Total: - Moved within same county: - Less than high school graduate,Estimate; Total: - Moved within same county: - High school graduate (includes equivalency),Margin of Error; Total: - Moved within same county: - High school graduate (includes equivalency),Estimate; Total: - Moved within same county: - Some college or associate's degree,Margin of Error; Total: - Moved within same county: - Some college or associate's degree,Estimate; Total: - Moved within same county: - Bachelor's degree,Margin of Error; Total: - Moved within same county: - Bachelor's degree,Estimate; Total: - Moved within same county: - Graduate or professional degree,Margin of Error; Total: - Moved within same county: - Graduate or professional degree,Estimate; Total: - Moved from different county within same state:,Margin of Error; Total: - Moved from different county within same state:,Estimate; Total: - Moved from different county within same state: - Less than high school graduate,Margin of Error; Total: - Moved from different county within same state: - Less than high school graduate,Estimate; Total: - Moved from different county within same state: - High school graduate (includes equivalency),Margin of Error; Total: - Moved from different county within same state: - High school graduate (includes equivalency),Estimate; Total: - Moved from different county within same state: - Some college or associate's degree,Margin of Error; Total: - Moved from different county within same state: - Some college or associate's degree,Estimate; Total: - Moved from different county within same state: - Bachelor's degree,Margin of Error; Total: - Moved from different county within same state: - Bachelor's degree,Estimate; Total: - Moved from different county within same state: - Graduate or professional degree,Margin of Error; Total: - Moved from different county within same state: - Graduate or professional degree,Estimate; Total: - Moved from different state:,Margin of Error; Total: - Moved from different state:,Estimate; Total: - Moved from different state: - Less than high school graduate,Margin of Error; Total: - Moved from different state: - Less than high school graduate,Estimate; Total: - Moved from different state: - High school graduate (includes equivalency),Margin of Error; Total: - Moved from different state: - High school graduate (includes equivalency),Estimate; Total: - Moved from different state: - Some college or associate's degree,Margin of Error; Total: - Moved from different state: - Some college or associate's degree,Estimate; Total: - Moved from different state: - Bachelor's degree,Margin of Error; Total: - Moved from different state: - Bachelor's degree,Estimate; Total: - Moved from different state: - Graduate or professional degree,Margin of Error; Total: - Moved from different state: - Graduate or professional degree,Estimate; Total: - Moved from abroad:,Margin of Error; Total: - Moved from abroad:,Estimate; Total: - Moved from abroad: - Less than high school graduate,Margin of Error; Total: - Moved from abroad: - Less than high school graduate,Estimate; Total: - Moved from abroad: - High school graduate (includes equivalency),Margin of Error; Total: - Moved from abroad: - High school graduate (includes equivalency),Estimate; Total: - Moved from abroad: - Some college or associate's degree,Margin of Error; Total: - Moved from abroad: - Some college or associate's degree,Estimate; Total: - Moved from abroad: - Bachelor's degree,Margin of Error; Total: - Moved from abroad: - Bachelor's degree,Estimate; Total: - Moved from abroad: - Graduate or professional degree,Margin of Error; Total: - Moved from abroad: - Graduate or professional degree
0400000US47,47,Tennessee,4478450,1415,603524,5973,1461364,9282,1246789,7105,738613,5985,428160,5497,3914993,6279,526159,5476,1292763,8238,1082203,7053,639233,5764,374635,4958,321272,4425,49468,1781,102260,2848,94165,2237,50230,1838,25149,1204,114655,2530,15164,901,37167,1354,32536,1167,19699,1154,10089,680,111603,3159,10369,912,25855,1502,34725,1647,25088,1188,15566,964,15927,1138,2364,430,3319,478,3160,630,4363,594,2721,413
0500000US47001,47001,"Anderson County, Tennessee",53674,121,7550,619,17965,752,15406,723,7217,551,5536,402,47680,583,6803,606,16008,730,13314,722,6521,515,5034,397,2981,461,476,208,1003,237,1068,253,226,113,208,120,1868,323,237,138,612,157,711,188,240,107,68,58,925,228,18,18,323,122,279,94,156,87,149,77,220,110,16,18,19,31,34,33,74,50,77,44
0500000US47003,47003,"Bedford County, Tennessee",30826,226,5752,541,12592,722,7657,538,3360,456,1465,277,27263,638,4892,488,10947,700,7115,541,3040,445,1269,261,2278,497,576,217,1066,286,312,138,183,110,141,109,768,217,135,86,343,165,138,82,102,65,50,65,446,193,133,88,205,138,79,70,29,41,0,26,71,50,16,21,31,30,13,20,6,9,5,7
0500000US47005,47005,"Benton County, Tennessee",11827,109,2037,268,5658,322,2615,268,976,193,541,155,10838,251,1873,262,5362,350,2318,262,772,141,513,152,463,130,119,61,133,69,135,55,66,60,10,18,370,140,22,17,151,94,106,50,78,73,13,14,101,66,8,13,12,14,52,50,24,28,5,8,55,48,15,32,0,19,4,6,36,37,0,19
0500000US47007,47007,"Bledsoe County, Tennessee",10989,125,2946,497,4433,363,2249,335,791,215,570,226,9837,290,2542,447,3986,355,2032,332,722,200,555,225,322,111,191,100,62,33,56,50,13,18,0,19,651,195,122,49,315,161,143,83,56,47,15,25,120,96,32,28,70,87,18,19,0,19,0,19,59,53,59,53,0,19,0,19,0,19,0,19
0500000US47009,47009,"Blount County, Tennessee",90409,155,10239,720,31743,1205,27312,974,13897,831,7218,614,82399,772,9521,724,28796,1080,25068,961,12483,827,6531,583,4551,551,454,141,1890,337,1201,301,774,198,232,107,1966,347,173,80,561,194,697,190,251,109,284,119,1309,310,68,65,466,168,300,138,320,161,155,61,184,96,23,34,30,29,46,44,69,50,16,22
0500000US47011,47011,"Bradley County, Tennessee",70006,155,11082,806,22615,1030,21062,1026,9433,798,5814,702,60782,847,9323,698,19430,1005,18459,1020,8158,729,5412,706,5885,697,1259,341,2106,374,1711,332,636,204,173,91,1501,361,257,118,453,195,307,158,359,177,125,77,1612,396,236,133,534,211,516,213,238,123,88,76,226,105,7,11,92,68,69,60,42,47,16,27
0500000US47013,47013,"Campbell County, Tennessee",28593,91,7061,512,11780,627,6388,454,2115,324,1249,238,25706,485,6180,453,10663,593,5655,477,1982,324,1226,240,1924,366,726,220,807,229,336,128,55,43,0,26,376,135,38,26,130,70,159,87,32,37,17,22,565,236,117,101,166,80,230,147,46,45,6,11,22,25,0,26,14,22,8,12,0,26,0,26
0500000US47015,47015,"Cannon County, Tennessee",9834,58,1527,218,4675,307,2435,294,791,166,406,128,8556,281,1311,205,3973,343,2182,281,699,149,391,127,562,193,119,62,321,157,98,70,24,32,0,19,549,190,50,34,303,152,141,68,55,39,0,19,154,96,38,45,74,64,14,23,13,19,15,20,13,16,9,15,4,7,0,19,0,19,0,19
0500000US47017,47017,"Carroll County, Tennessee",19385,150,3674,342,8043,510,4606,405,1931,287,1131,189,17489,340,3303,319,7388,498,4125,377,1661,228,1012,173,1163,251,224,94,407,125,260,94,197,124,75,72,486,166,81,51,150,78,169,124,42,43,44,38,225,99,59,60,91,45,44,32,31,31,0,23,22,21,7,7,7,12,8,13,0,23,0,23
0500000US47019,47019,"Carter County, Tennessee",41355,137,7232,553,16789,709,10936,623,4166,392,2232,276,36296,648,6398,500,14742,627,9502,659,3670,404,1984,276,3158,514,598,169,1435,338,818,220,231,101,76,50,1230,307,120,70,431,164,355,130,179,100,145,85,599,209,99,79,170,106,261,112,42,31,27,28,72,59,17,27,11,18,0,29,44,52,0,29
0500000US47021,47021,"Cheatham County, Tennessee",27319,126,3801,485,10444,495,7773,496,3514,346,1787,256,24344,468,3457,483,9339,529,6912,465,3056,322,1580,239,1185,298,125,68,523,177,380,132,113,79,44,26,1298,305,173,95,455,151,383,142,188,87,99,63,470,168,38,52,113,83,98,59,157,81,64,49,22,27,8,12,14,24,0,26,0,26,0,26
0500000US47023,47023,"Chester County, Tennessee",10863,148,1653,276,4477,346,2943,333,983,197,807,210,10178,229,1573,275,4131,363,2802,322,955,194,717,209,320,164,23,29,189,130,23,25,22,26,63,47,175,95,39,38,53,51,83,55,0,19,0,19,172,113,5,10,104,109,35,32,1,2,27,21,18,23,13,21,0,19,0,19,5,8,0,19
0500000US47025,47025,"Claiborne County, Tennessee",22478,74,4801,401,9112,489,5646,463,1679,293,1240,204,20194,346,4146,359,8258,478,5274,474,1341,251,1175,190,1043,259,282,142,529,166,184,88,39,25,9,14,457,166,129,88,147,95,31,36,123,70,27,33,765,250,244,220,159,92,157,107,176,82,29,32,19,27,0,26,19,27,0,26,0,26,0,26
0500000US47027,47027,"Clay County, Tennessee",5600,64,1297,188,2530,250,1058,181,368,119,347,117,5068,203,1170,181,2309,263,938,168,322,118,329,114,205,100,47,30,82,63,52,50,24,31,0,17,277,160,70,79,117,86,68,52,22,30,0,17,50,49,10,13,22,26,0,17,0,17,18,22,0,17,0,17,0,17,0,17,0,17,0,17
0500000US47029,47029,"Cocke County, Tennessee",25364,146,5332,440,11393,603,5749,550,1793,352,1097,264,23289,453,5111,448,10180,623,5379,554,1563,304,1056,254,1186,346,98,49,752,295,231,127,83,57,22,24,402,197,52,36,207,134,80,73,44,47,19,30,486,196,71,60,253,141,59,66,103,106,0,26,1,2,0,26,1,2,0,26,0,26,0,26
0500000US47031,47031,"Coffee County, Tennessee",36721,137,4925,466,13922,690,10923,678,4414,488,2537,343,32530,515,4259,433,12213,703,9732,673,3982,464,2344,327,2342,361,349,149,1122,241,637,166,211,125,23,28,897,206,120,69,294,112,355,124,95,58,33,26,835,293,179,129,276,141,189,113,110,72,81,88,117,98,18,20,17,26,10,15,16,27,56,74
0500000US47033,47033,"Crockett County, Tennessee",9854,84,2049,243,4085,291,2438,261,805,139,477,105,9006,211,1880,227,3694,299,2232,239,770,126,430,103,398,135,80,77,175,71,107,63,11,13,25,22,380,123,66,38,193,76,75,54,24,27,22,26,70,43,23,23,23,23,24,27,0,19,0,19,0,19,0,19,0,19,0,19,0,19,0,19
0500000US47035,47035,"Cumberland County, Tennessee",44068,106,6796,629,16746,602,12337,573,5237,449,2952,307,38048,624,5752,553,14386,676,10707,553,4559,415,2644,284,3509,580,604,241,1576,343,881,189,344,173,104,64,1128,323,248,178,381,150,382,160,50,44,67,53,1292,318,179,112,385,109,328,154,263,130,137,81,91,80,13,20,18,20,39,59,21,30,0,29
0500000US47037,47037,"Davidson County, Tennessee",464026,93,55568,1603,106573,2467,120460,2692,114156,2174,67269,1839,385214,2502,47869,1473,90920,2309,100132,2467,91665,2033,54628,1569,46602,2132,5322,684,10174,1017,12764,866,12101,936,6241,573,11285,800,768,209,2586,407,2922,417,3340,459,1669,279,17216,1141,1170,378,2066,376,4050,552,5943,597,3987,568,3709,663,439,229,827,317,592,425,1107,326,744,245
0500000US47039,47039,"Decatur County, Tennessee",8390,57,1399,216,3718,257,2307,217,656,122,310,88,7752,148,1276,197,3437,275,2118,225,615,124,306,88,293,122,60,53,140,90,86,55,7,12,0,19,228,76,56,39,97,53,62,28,9,11,4,7,113,62,7,13,42,43,39,29,25,20,0,19,4,9,0,19,2,4,2,5,0,19,0,19
0500000US47041,47041,"DeKalb County, Tennessee",13623,145,2847,372,5906,420,3016,327,1214,221,640,154,12142,349,2409,369,5356,418,2688,315,1052,219,637,154,893,267,337,135,337,160,183,99,36,33,0,19,461,161,89,49,153,77,111,56,108,85,0,19,123,83,12,21,60,59,30,36,18,27,3,6,4,7,0,19,0,19,4,7,0,19,0,19
0500000US47043,47043,"Dickson County, Tennessee",35020,220,5971,548,15092,658,8817,631,3379,379,1761,286,31043,540,5115,531,13598,671,7669,624,3023,403,1638,283,1879,344,411,146,745,202,547,207,140,99,36,43,1382,290,339,136,586,164,334,151,74,62,49,47,700,207,98,76,155,89,267,99,142,122,38,36,16,16,8,13,8,13,0,29,0,29,0,29
0500000US47045,47045,"Dyer County, Tennessee",25448,158,4197,456,9899,666,6748,498,2959,387,1645,296,21913,524,3745,420,8118,576,5766,505,2713,386,1571,298,2642,472,351,164,1383,315,668,216,181,105,59,53,651,206,69,43,296,116,251,156,32,35,3,7,174,115,32,51,55,69,54,61,33,33,0,26,68,56,0,26,47,40,9,18,0,26,12,18
0500000US47047,47047,"Fayette County, Tennessee",28528,81,3702,396,9762,432,8667,530,4233,407,2164,331,26494,322,3382,353,8950,427,8176,515,3897,366,2089,322,870,260,240,128,427,142,147,89,53,35,3,5,711,163,20,15,248,90,200,80,218,99,25,21,374,129,20,20,128,69,136,86,52,36,38,32,79,56,40,41,9,14,8,12,13,21,9,14
0500000US47049,47049,"Fentress County, Tennessee",12735,93,2855,307,5639,305,2747,330,936,186,558,152,11590,241,2676,302,5082,308,2459,325,835,178,538,153,543,168,108,67,290,147,118,67,27,25,0,19,381,148,48,43,178,98,130,69,24,27,1,4,213,131,15,17,89,75,40,35,50,59,19,22,8,14,8,14,0,19,0,19,0,19,0,19
0500000US47051,47051,"Franklin County, Tennessee",28183,137,4051,384,10860,524,7476,593,3446,423,2350,330,25156,559,3586,384,9668,572,6687,551,3098,381,2117,282,1492,466,270,138,627,278,396,187,127,85,72,59,902,237,53,37,341,133,280,115,155,90,73,53,592,204,101,61,224,124,113,89,66,52,88,62,41,49,41,49,0,26,0,26,0,26,0,26
0500000US47053,47053,"Gibson County, Tennessee",33168,163,5120,386,12678,584,9472,536,3751,415,2147,350,28893,533,4415,391,10994,579,8368,475,3232,390,1884,314,2933,508,421,178,1266,251,641,205,416,218,189,122,1001,255,236,102,271,108,376,176,73,58,45,59,307,130,48,36,116,77,84,67,30,40,29,32,34,31,0,26,31,30,3,5,0,26,0,26
0500000US47055,47055,"Giles County, Tennessee",20447,110,3148,343,9131,461,5148,342,1973,237,1047,202,18417,361,2834,333,8115,452,4686,330,1777,220,1005,200,1078,290,141,82,584,231,265,123,68,45,20,23,531,183,107,79,310,135,52,36,62,55,0,23,367,112,59,38,106,53,133,68,66,43,3,8,54,49,7,10,16,26,12,18,0,23,19,30
0500000US47057,47057,"Grainger County, Tennessee",16468,68,3156,332,7416,456,4070,378,1269,170,557,133,14948,325,3019,320,6639,454,3675,374,1137,176,478,130,465,180,78,48,271,153,61,32,55,50,0,23,556,168,54,47,276,142,166,79,20,26,40,28,456,181,5,6,221,132,152,91,39,47,39,50,43,52,0,23,9,16,16,27,18,30,0,23
0500000US47059,47059,"Greene County, Tennessee",49161,185,8438,758,21064,858,12301,764,4743,451,2615,323,43882,578,7458,654,18561,772,11072,733,4326,433,2465,291,3216,439,607,223,1595,310,744,174,192,102,78,74,1002,285,87,58,540,260,254,114,97,75,24,31,956,331,256,208,312,155,228,121,112,84,48,45,105,67,30,32,56,53,3,5,16,25,0,29
0500000US47061,47061,"Grundy County, Tennessee",9312,14,2493,262,3809,302,1988,247,647,141,375,207,8901,111,2425,262,3580,300,1905,240,629,138,362,207,195,64,51,35,89,40,42,30,0,19,13,19,175,96,10,18,116,75,35,29,14,16,0,19,41,34,7,12,24,24,6,9,4,6,0,19,0,19,0,19,0,19,0,19,0,19,0,19
0500000US47063,47063,"Hamblen County, Tennessee",43565,282,7850,648,17821,869,10739,717,4580,513,2575,392,39087,578,6986,625,16008,849,9545,671,4175,460,2373,384,2538,428,466,165,1147,291,690,231,161,95,74,58,1078,297,197,98,472,215,227,97,128,87,54,64,692,265,175,108,173,84,252,158,25,31,67,76,170,114,26,41,21,33,25,33,91,82,7,10
0500000US47065,47065,"Hamilton County, Tennessee",247228,101,28016,1243,68764,1831,75124,1597,48601,1482,26723,1133,219073,1456,23811,1135,62530,1789,66293,1526,43112,1390,23327,1021,17520,1155,3141,479,4183,511,5368,491,3111,410,1717,314,3173,462,193,80,619,196,1033,251,811,221,517,161,6672,782,608,204,1332,270,2353,361,1346,250,1033,260,790,241,263,190,100,71,77,52,221,103,129,85
0500000US47067,47067,"Hancock County, Tennessee",4776,29,1092,152,2033,208,1164,157,273,88,214,71,4335,134,927,144,1866,224,1100,157,249,90,193,67,231,75,85,36,94,46,29,21,21,25,2,5,145,75,68,44,58,45,16,14,3,5,0,17,39,39,12,18,0,17,8,11,0,17,19,25,26,27,0,17,15,19,11,17,0,17,0,17
0500000US47069,47069,"Hardeman County, Tennessee",18313,196,3949,308,8715,398,3650,307,1233,210,766,175,17142,325,3678,292,8174,451,3353,311,1193,211,744,172,647,278,123,59,346,239,149,76,20,19,9,15,426,134,138,73,154,64,104,65,20,20,10,15,95,58,10,13,40,30,42,40,0,23,3,5,3,5,0,23,1,3,2,3,0,23,0,23
0500000US47071,47071,"Hardin County, Tennessee",18652,78,3700,383,7990,463,4558,360,1568,247,836,175,17262,294,3468,358,7464,495,4037,368,1484,245,809,171,824,235,164,70,368,169,241,117,51,40,0,23,296,133,55,44,128,66,105,91,8,15,0,23,262,133,13,23,30,33,167,124,25,28,27,32,8,18,0,23,0,23,8,18,0,23,0,23
0500000US47073,47073,"Hawkins County, Tennessee",40470,105,6866,550,17465,624,10813,632,3582,337,1744,251,36295,481,6187,504,15489,581,9924,617,3169,315,1526,248,2176,338,427,157,1112,228,399,148,189,81,49,39,1360,329,167,92,607,221,335,155,145,89,106,106,630,197,76,62,257,132,155,79,79,52,63,48,9,14,9,14,0,29,0,29,0,29,0,29
0500000US47075,47075,"Haywood County, Tennessee",12427,176,2381,327,5614,368,2896,285,966,192,570,129,11513,253,2192,287,5209,362,2654,272,908,183,550,129,520,171,109,84,266,112,86,55,39,28,20,22,286,106,69,49,90,56,115,81,12,15,0,19,45,43,4,8,2,6,32,39,7,11,0,19,63,41,7,11,47,35,9,15,0,19,0,19
0500000US47077,47077,"Henderson County, Tennessee",19337,152,3676,425,7769,564,5115,446,1904,319,873,197,17937,321,3281,412,7222,549,4807,472,1804,326,823,193,804,247,214,124,318,146,175,89,47,41,50,51,497,195,181,95,148,90,118,88,50,55,0,23,67,61,0,23,49,45,15,22,3,5,0,23,32,51,0,23,32,51,0,23,0,23,0,23
0500000US47079,47079,"Henry County, Tennessee",23243,106,3491,404,10852,578,5214,527,2074,334,1612,312,20943,367,3076,375,9642,601,4688,507,1952,313,1585,313,1434,294,234,91,769,179,346,148,75,64,10,11,333,101,61,43,165,69,87,43,15,25,5,8,524,206,116,93,273,130,93,70,32,29,10,12,9,13,4,8,3,5,0,26,0,26,2,4
0500000US47081,47081,"Hickman County, Tennessee",17137,129,3650,412,7471,543,4135,413,1196,278,685,186,15444,356,3197,377,6779,548,3723,420,1082,274,663,181,783,291,211,138,324,164,209,95,39,40,0,23,762,257,190,122,348,167,179,85,39,59,6,10,135,71,52,67,11,14,20,19,36,24,16,20,13,15,0,23,9,14,4,7,0,23,0,23
0500000US47083,47083,"Houston County, Tennessee",5714,72,1304,193,2647,206,1149,152,474,124,140,59,5068,217,1149,192,2462,219,919,135,411,127,127,57,252,92,102,56,55,38,78,44,15,13,2,5,247,157,22,26,112,122,76,41,26,23,11,16,147,89,31,32,18,17,76,74,22,22,0,17,0,17,0,17,0,17,0,17,0,17,0,17
0500000US47085,47085,"Humphreys County, Tennessee",12890,148,2182,294,5721,350,3371,431,921,205,695,193,11424,322,1890,265,4952,311,3071,387,852,205,659,187,952,263,204,144,577,228,140,97,14,18,17,28,255,106,30,29,96,65,75,67,35,27,19,23,156,99,42,46,13,17,81,68,20,29,0,19,103,90,16,27,83,86,4,7,0,19,0,19
0500000US47087,47087,"Jackson County, Tennessee",8551,40,1897,227,3994,322,1971,247,409,100,280,87,7974,152,1720,225,3789,330,1827,236,374,96,264,87,242,85,81,43,95,57,38,27,18,14,10,17,253,116,86,51,67,56,87,53,7,14,6,12,64,39,6,11,39,32,19,20,0,19,0,19,18,22,4,9,4,8,0,19,10,15,0,19
0500000US47089,47089,"Jefferson County, Tennessee",37176,135,6157,578,14243,700,10744,639,3653,434,2379,323,32671,506,5479,586,12271,687,9452,633,3268,392,2201,335,1883,353,395,133,710,229,582,189,88,62,108,71,1591,299,161,84,840,262,374,110,169,103,47,38,971,310,120,93,389,229,329,119,110,69,23,18,60,48,2,4,33,36,7,12,18,29,0,29
0500000US47091,47091,"Johnson County, Tennessee",13489,41,3080,357,5546,351,3396,364,1029,211,438,139,11839,261,2664,354,4777,356,3028,346,983,210,387,136,564,216,99,56,290,123,151,132,24,25,0,19,680,119,229,60,309,90,123,47,19,28,0,19,373,152,88,72,151,83,94,74,3,6,37,45,33,34,0,19,19,25,0,19,0,19,14,24
0500000US47093,47093,"Knox County, Tennessee",300733,112,27332,1204,77908,1784,85694,1708,66004,1577,43795,1268,259982,1895,24042,1121,67961,1722,72981,1528,56909,1489,38089,1195,24188,1310,2125,419,6100,507,7910,704,5181,601,2872,370,7460,725,675,224,1970,346,2556,459,1473,333,786,191,8135,872,456,150,1741,393,2071,358,2141,376,1726,276,968,242,34,31,136,65,176,75,300,169,322,131
0500000US47095,47095,"Lake County, Tennessee",5666,71,1502,159,2618,202,1013,124,306,85,227,66,4661,151,1192,144,2162,197,852,115,245,74,210,62,165,61,55,38,91,43,10,13,9,9,0,17,751,115,216,61,347,90,119,52,52,35,17,19,81,53,31,25,18,28,32,37,0,17,0,17,8,11,8,11,0,17,0,17,0,17,0,17
0500000US47097,47097,"Lauderdale County, Tennessee",17960,41,4454,298,8000,432,3963,307,954,153,589,144,15289,306,3844,276,6720,429,3295,267,867,143,563,140,1162,176,202,80,477,116,412,148,57,39,14,16,1291,213,377,89,729,163,169,65,13,15,3,5,194,84,31,27,59,45,78,39,17,22,9,14,24,21,0,23,15,15,9,14,0,23,0,23
0500000US47099,47099,"Lawrence County, Tennessee",28675,61,5500,461,12473,493,7198,534,2035,297,1469,230,26429,328,5175,482,11496,524,6571,498,1838,299,1349,223,1471,272,182,75,742,179,390,123,80,45,77,57,372,141,59,50,93,56,121,82,61,50,38,42,373,136,57,35,139,93,116,49,56,42,5,6,30,32,27,31,3,5,0,26,0,26,0,26
0500000US47101,47101,"Lewis County, Tennessee",8530,132,1435,303,3656,386,2415,334,711,186,313,113,7863,276,1286,252,3397,388,2298,316,585,180,297,112,367,140,103,91,176,101,62,52,14,27,12,20,206,106,34,40,41,25,52,49,75,81,4,9,94,88,12,20,42,51,3,7,37,53,0,19,0,19,0,19,0,19,0,19,0,19,0,19
0500000US47103,47103,"Lincoln County, Tennessee",23620,91,4054,407,9707,462,5545,447,2865,340,1449,245,21005,398,3605,378,8722,466,4709,394,2646,334,1323,223,1406,294,241,101,663,216,332,126,143,78,27,31,504,252,38,36,183,118,193,188,28,42,62,67,662,269,166,111,121,73,300,147,38,29,37,41,43,41,4,8,18,27,11,19,10,18,0,26
0500000US47105,47105,"Loudon County, Tennessee",37341,170,5464,453,12576,765,9522,627,5991,551,3788,406,33275,661,5005,446,10923,691,8545,592,5298,553,3504,392,1627,397,239,104,788,247,370,134,208,109,22,19,1403,307,125,84,615,211,312,122,238,124,113,61,982,360,95,66,223,176,268,122,247,123,149,129,54,44,0,29,27,40,27,31,0,29,0,29
0500000US47107,47107,"McMinn County, Tennessee",36911,149,5923,460,16027,745,9291,587,3647,449,2023,304,33459,452,5202,426,14549,760,8436,536,3312,409,1960,289,1813,370,387,154,831,238,442,142,126,84,27,28,911,269,221,144,409,177,179,86,92,90,10,17,623,201,84,67,186,95,218,129,109,91,26,30,105,89,29,47,52,78,16,25,8,13,0,29
0500000US47109,47109,"McNairy County, Tennessee",18111,91,3593,402,7988,429,4313,354,1497,236,720,182,16993,242,3355,387,7458,412,4013,309,1456,239,711,181,500,119,148,68,274,88,65,30,13,18,0,23,225,122,44,43,139,93,22,17,12,10,8,9,367,177,38,31,105,59,207,147,16,17,1,2,26,22,8,11,12,16,6,8,0,23,0,23
0500000US47111,47111,"Macon County, Tennessee",15655,65,3303,328,7427,466,3418,366,871,206,636,228,13940,315,2780,310,6832,454,2905,321,841,208,582,216,966,294,315,193,302,145,315,133,11,18,23,30,497,188,162,96,240,149,79,60,13,20,3,7,252,132,46,52,53,44,119,99,6,10,28,37,0,23,0,23,0,23,0,23,0,23,0,23
0500000US47113,47113,"Madison County, Tennessee",64697,121,7257,577,22150,804,18393,868,11038,675,5859,465,58489,627,6526,556,20232,762,16190,760,10231,691,5310,443,3739,488,446,139,1205,294,1435,321,423,144,230,125,1730,328,250,102,567,202,464,152,220,91,229,154,708,272,25,24,134,82,304,234,155,59,90,64,31,32,10,13,12,24,0,29,9,13,0,29
0500000US47115,47115,"Marion County, Tennessee",20220,55,3790,388,7765,529,6035,432,1716,255,914,190,19174,216,3641,381,7399,537,5673,430,1584,241,877,188,632,148,121,56,282,127,194,88,27,44,8,15,221,101,28,31,19,23,117,67,41,40,16,17,193,97,0,23,65,55,51,53,64,66,13,21,0,23,0,23,0,23,0,23,0,23,0,23
0500000US47117,47117,"Marshall County, Tennessee",21771,136,3200,425,9455,502,6192,461,2104,327,820,167,19832,411,2766,359,8772,513,5583,466,1918,325,793,166,773,216,174,110,301,99,218,105,56,38,24,32,878,265,212,147,328,122,270,158,68,44,0,26,279,139,44,52,54,42,121,81,57,54,3,5,9,11,4,6,0,26,0,26,5,9,0,26
0500000US47119,47119,"Maury County, Tennessee",60140,142,6367,526,21830,850,19513,852,8403,601,4027,470,52083,781,5400,507,19200,817,16718,790,7158,573,3607,480,3943,563,589,194,1516,309,1200,295,498,157,140,70,2361,430,159,65,685,229,965,268,368,112,184,119,1556,392,110,103,398,217,599,179,369,197,80,41,197,145,109,131,31,28,31,54,10,16,16,26
0500000US47121,47121,"Meigs County, Tennessee",8549,50,1503,226,3929,309,2278,247,419,113,420,131,7812,208,1396,219,3569,307,2027,223,400,113,420,131,335,133,80,58,159,80,77,43,19,21,0,19,281,115,23,29,108,62,150,88,0,19,0,19,121,96,4,6,93,92,24,24,0,19,0,19,0,19,0,19,0,19,0,19,0,19,0,19
0500000US47123,47123,"Monroe County, Tennessee",32041,207,6991,622,13224,671,8067,620,2407,327,1352,252,27793,732,5946,640,11360,703,6940,585,2289,322,1258,253,2500,511,702,299,1164,316,581,198,43,54,10,18,866,280,197,105,269,146,287,144,60,43,53,51,863,292,146,121,416,209,259,136,15,20,27,31,19,27,0,26,15,25,0,26,0,26,4,10
0500000US47125,47125,"Montgomery County, Tennessee",117962,155,9615,769,34728,1355,42673,1103,21201,931,9745,703,95156,1464,8180,681,29090,1285,33356,1095,16633,801,7897,607,11703,1002,1024,315,3468,540,4636,700,1965,368,610,199,1777,303,199,115,520,156,539,164,350,121,169,77,7922,990,196,93,1504,330,3432,581,1890,345,900,249,1404,312,16,17,146,95,710,258,363,122,169,93
0500000US47127,47127,"Moore County, Tennessee",4566,132,580,126,1879,211,1218,190,595,146,294,86,4160,182,525,115,1785,199,1044,185,512,139,294,86,200,100,11,14,35,30,100,76,54,57,0,17,185,105,37,45,58,55,74,70,16,18,0,17,14,20,0,17,1,3,0,17,13,20,0,17,7,10,7,10,0,17,0,17,0,17,0,17
0500000US47129,47129,"Morgan County, Tennessee",15609,82,2902,291,7900,407,3608,328,742,164,457,125,13489,295,2368,289,6819,388,3167,328,709,168,426,126,596,149,151,58,321,126,92,55,15,18,17,20,1313,218,349,79,659,188,273,93,18,13,14,16,196,107,32,27,90,73,74,52,0,23,0,23,15,18,2,5,11,18,2,4,0,23,0,23
0500000US47131,47131,"Obion County, Tennessee",21400,94,3626,368,9065,442,5368,393,2179,284,1162,225,19307,275,3133,358,8330,422,4763,385,1973,282,1108,227,1071,175,292,105,375,96,293,104,83,48,28,18,688,167,129,59,241,76,225,89,84,65,9,15,334,112,72,72,119,72,87,56,39,54,17,21,0,26,0,26,0,26,0,26,0,26,0,26
0500000US47133,47133,"Overton County, Tennessee",15314,82,3126,244,7019,413,3177,286,1298,237,694,164,14363,202,2975,243,6569,429,2943,286,1201,234,675,165,451,142,99,45,264,110,53,35,16,21,19,22,375,151,43,38,148,82,153,75,31,34,0,23,125,71,9,13,38,40,28,35,50,50,0,23,0,23,0,23,0,23,0,23,0,23,0,23
0500000US47135,47135,"Perry County, Tennessee",5578,93,1432,225,2103,229,1439,179,400,129,204,73,5224,143,1400,228,1930,228,1309,175,383,127,202,73,225,78,11,18,111,46,94,55,9,12,0,17,89,42,13,16,44,29,29,22,3,8,0,17,34,26,8,11,15,16,7,10,2,3,2,4,6,8,0,17,3,5,0,17,3,4,0,17
0500000US47137,47137,"Pickett County, Tennessee",3950,60,1031,212,1616,215,1027,191,185,72,91,71,3493,167,946,209,1460,214,831,167,168,72,88,69,191,105,49,36,108,79,31,36,0,17,3,6,186,139,8,10,22,33,140,126,16,27,0,17,80,53,28,24,26,23,25,23,1,3,0,17,0,17,0,17,0,17,0,17,0,17,0,17
0500000US47139,47139,"Polk County, Tennessee",12097,29,2360,313,4900,377,3526,327,798,150,513,164,10924,299,1941,280,4544,384,3208,338,748,144,483,160,450,155,115,63,172,78,137,66,20,26,6,9,428,181,244,170,116,56,56,57,3,5,9,11,272,155,54,39,66,51,124,95,13,14,15,18,23,20,6,10,2,5,1,4,14,17,0,19
0500000US47141,47141,"Putnam County, Tennessee",48159,157,7056,571,18137,824,11025,622,7615,556,4326,507,43159,656,6393,551,16346,825,9908,568,6848,541,3664,427,2703,395,400,139,1068,252,555,164,387,121,293,125,1070,264,171,86,333,130,374,163,118,56,74,52,957,298,61,52,377,173,176,84,172,80,171,117,270,221,31,48,13,16,12,14,90,107,124,94
0500000US47143,47143,"Rhea County, Tennessee",22093,89,5020,621,8113,554,5825,435,2011,322,1124,212,19159,507,4131,510,7112,591,5174,471,1754,280,988,197,1834,391,576,296,614,188,428,180,105,81,111,77,605,201,153,71,224,139,140,88,63,50,25,26,435,173,120,108,163,128,63,62,89,71,0,26,60,38,40,36,0,26,20,24,0,26,0,26
0500000US47145,47145,"Roane County, Tennessee",38880,162,5181,591,14640,796,11541,645,4461,495,3057,353,34496,540,4506,590,12781,712,10501,636,4021,471,2687,317,2225,445,444,159,925,239,572,220,160,108,124,131,1090,293,169,159,483,221,210,96,160,89,68,58,845,323,46,43,339,240,258,158,93,55,109,63,224,144,16,26,112,102,0,29,27,32,69,97
0500000US47147,47147,"Robertson County, Tennessee",46223,154,6137,571,18279,868,13435,647,5617,439,2755,341,40933,505,5450,534,16373,844,11656,648,4997,420,2457,335,2362,376,350,149,1012,219,797,213,148,76,55,37,2160,371,313,130,698,201,563,146,382,149,204,84,688,264,19,24,187,120,362,147,90,55,30,30,80,70,5,7,9,10,57,67,0,29,9,15
0500000US47149,47149,"Rutherford County, Tennessee",185540,68,16978,985,52917,1587,56621,1588,41285,1542,17739,879,160053,1522,14488,932,46115,1585,48095,1442,35690,1480,15665,817,13354,950,1391,286,3638,517,4315,643,2983,439,1027,281,5932,707,580,191,1798,364,1929,383,1137,236,488,165,5472,740,450,206,1263,320,2094,390,1189,302,476,174,729,245,69,83,103,72,188,169,286,156,83,66
0500000US47151,47151,"Scott County, Tennessee",14877,52,3260,338,6735,537,3640,447,650,170,592,171,13474,328,2923,328,6064,477,3367,480,559,157,561,171,1063,293,210,154,505,179,255,122,69,63,24,27,194,112,99,63,73,50,9,16,13,19,0,23,117,71,15,19,77,63,9,16,9,15,7,11,29,32,13,18,16,25,0,23,0,23,0,23
0500000US47153,47153,"Sequatchie County, Tennessee",10320,92,1744,309,4213,352,2868,359,882,180,613,187,9426,242,1547,298,3913,346,2639,334,777,173,550,181,326,136,115,84,155,71,44,37,12,14,0,19,411,226,77,55,114,83,138,136,45,40,37,40,152,75,0,19,31,30,47,37,48,43,26,29,5,7,5,7,0,19,0,19,0,19,0,19
0500000US47155,47155,"Sevier County, Tennessee",67341,273,11142,871,24542,1016,19545,877,7853,579,4259,528,58254,1016,9436,768,21473,929,16921,868,6808,548,3616,488,4534,748,963,366,1359,401,1252,264,574,192,386,183,2029,500,314,151,641,242,764,305,246,181,64,58,2288,524,328,211,1030,310,561,228,225,110,144,75,236,169,101,111,39,43,47,45,0,29,49,58
0500000US47157,47157,"Shelby County, Tennessee",607366,94,75338,1981,164612,2895,181701,2411,113166,2184,72549,1771,522614,2715,62525,1699,142199,2681,155122,2494,99073,2064,63695,1756,62046,2181,10140,986,17640,1242,19517,1125,9002,854,5747,705,6147,760,898,262,1566,310,1917,380,1069,274,697,198,14611,1122,1423,278,2903,480,4820,707,3395,577,2070,369,1948,356,352,130,304,129,325,130,627,218,340,141
0500000US47159,47159,"Smith County, Tennessee",13197,93,2132,258,6330,317,3259,282,903,154,573,139,12228,211,1899,234,5877,348,3066,276,848,147,538,136,507,138,171,82,223,71,74,33,20,21,19,22,382,136,58,47,184,76,106,56,18,31,16,16,80,57,4,8,46,35,13,22,17,25,0,19,0,19,0,19,0,19,0,19,0,19,0,19
0500000US47161,47161,"Stewart County, Tennessee",9417,100,1187,247,4006,319,2800,269,909,174,515,155,8394,304,1132,248,3540,301,2402,240,851,169,469,144,285,134,10,11,151,106,74,57,26,37,24,26,498,219,26,28,235,158,209,114,15,24,13,19,207,109,9,13,68,52,107,76,14,19,9,15,33,31,10,16,12,12,8,10,3,6,0,19
0500000US47163,47163,"Sullivan County, Tennessee",113348,208,16194,846,40169,1168,32095,1064,15032,812,9858,550,99787,962,13889,718,35686,1096,27506,1087,13668,792,9038,537,7401,683,1526,303,2455,352,2451,375,667,167,302,126,2722,461,365,142,1013,268,739,216,386,180,219,96,3183,459,369,126,937,251,1352,299,276,102,249,108,255,90,45,42,78,46,47,39,35,31,50,33
0500000US47165,47165,"Sumner County, Tennessee",119289,148,12400,707,37494,1079,37735,1151,21302,907,10358,688,103294,1112,10316,631,33171,1080,32975,1153,17632,856,9200,668,7966,716,1161,313,2509,406,2583,344,1483,330,230,76,4052,642,507,221,998,251,1102,253,935,217,510,192,3509,487,347,142,682,193,1001,280,1084,282,395,132,468,199,69,56,134,93,74,64,168,135,23,33
0500000US47167,47167,"Tipton County, Tennessee",40435,78,5483,513,16239,687,12524,649,3826,394,2363,319,35593,536,4776,505,14307,637,10971,616,3404,367,2135,305,2198,421,403,130,1026,288,595,179,79,75,95,83,1432,297,228,86,472,211,501,178,188,99,43,50,986,304,76,62,357,191,349,160,150,109,54,51,226,102,0,29,77,57,108,75,5,7,36,40
0500000US47169,47169,"Trousdale County, Tennessee",5999,240,1209,265,2397,308,1480,319,645,213,268,122,5286,344,1108,245,2002,357,1329,301,611,213,236,115,265,146,58,67,88,95,94,112,0,17,25,40,389,187,43,39,262,155,50,41,34,39,0,17,46,53,0,17,39,51,0,17,0,17,7,13,13,15,0,17,6,10,7,12,0,17,0,17
0500000US47171,47171,"Unicoi County, Tennessee",13171,131,2255,255,5356,457,3598,402,1329,221,633,190,11943,241,2045,269,4961,451,3096,363,1244,226,597,190,615,175,120,78,145,77,319,134,27,27,4,7,270,116,35,26,131,77,60,58,24,30,20,29,280,115,31,33,89,61,114,82,34,40,12,19,63,72,24,32,30,37,9,16,0,19,0,19
0500000US47173,47173,"Union County, Tennessee",13463,47,3064,349,6285,432,2930,302,729,171,455,117,12500,202,2884,350,5819,424,2674,297,689,169,434,114,432,125,111,60,207,102,92,53,4,6,18,23,404,134,53,38,200,98,141,76,7,11,3,6,123,79,16,26,55,38,23,25,29,35,0,19,4,7,0,19,4,7,0,19,0,19,0,19
0500000US47175,47175,"Van Buren County, Tennessee",4160,47,799,139,1997,173,953,145,211,78,200,66,3876,120,762,137,1871,165,871,144,187,63,185,63,59,27,20,15,20,17,19,19,0,17,0,17,159,71,17,18,87,53,40,28,0,17,15,17,57,49,0,17,14,21,19,27,24,37,0,17,9,11,0,17,5,9,4,7,0,17,0,17
0500000US47177,47177,"Warren County, Tennessee",27431,66,5673,554,11686,524,6134,451,2352,277,1586,280,24333,489,4920,543,10282,514,5381,471,2218,265,1532,273,2190,445,563,218,1002,285,486,168,113,66,26,21,609,205,126,84,287,125,166,93,21,25,9,15,230,120,33,25,85,76,93,83,0,26,19,28,69,48,31,29,30,35,8,13,0,26,0,26
0500000US47179,47179,"Washington County, Tennessee",86310,251,9403,698,25929,1060,23464,945,16158,872,11356,814,75416,928,8271,682,23156,944,20097,883,14242,815,9650,728,6145,690,694,200,1400,315,2096,375,1118,319,837,235,2443,517,306,156,876,312,594,196,440,161,227,124,1961,389,111,67,446,165,626,183,283,119,495,175,345,152,21,20,51,47,51,49,75,79,147,94
0500000US47181,47181,"Wayne County, Tennessee",12263,83,2580,231,5478,388,2846,268,781,209,578,165,11446,254,2428,228,5162,365,2634,271,678,185,544,151,398,150,91,53,135,85,79,59,73,82,20,29,339,165,61,33,129,67,131,145,7,14,11,13,60,46,0,19,52,43,2,5,3,5,3,5,20,31,0,19,0,19,0,19,20,31,0,19
0500000US47183,47183,"Weakley County, Tennessee",21476,122,3431,365,8419,424,5153,373,2868,306,1605,211,19261,326,2908,315,7776,387,4546,375,2631,300,1400,195,1336,263,257,111,390,142,471,138,139,52,79,42,445,138,105,74,138,82,66,35,88,61,48,35,381,132,129,90,115,70,66,35,3,5,68,51,53,43,32,44,0,26,4,7,7,11,10,10
0500000US47185,47185,"White County, Tennessee",18577,140,3223,371,8324,521,4737,438,1511,309,782,165,16812,328,2860,367,7672,518,4181,444,1337,296,762,164,981,254,255,119,438,172,225,100,43,58,20,19,580,221,90,52,156,112,203,154,131,74,0,23,194,145,18,24,48,49,128,108,0,23,0,23,10,15,0,23,10,15,0,23,0,23,0,23
0500000US47187,47187,"Williamson County, Tennessee",137338,156,6152,592,19744,1085,31640,1231,50465,1139,29337,1278,117849,1281,5322,552,17460,967,27012,1238,43104,1274,24951,1172,6881,845,307,137,810,258,1970,400,2466,417,1328,291,6498,764,285,144,999,264,1313,336,2464,443,1437,319,5343,760,178,100,380,154,1261,309,2064,362,1460,292,767,242,60,63,95,72,84,64,367,142,161,87
0500000US47189,47189,"Wilson County, Tennessee",88039,129,8153,721,26186,1047,27565,1025,18391,1101,7744,581,77357,988,7203,671,22909,1023,24154,1022,16187,1039,6904,569,4746,713,469,169,1660,318,1520,361,895,315,202,103,3370,495,328,130,1013,237,917,275,720,281,392,148,2238,436,102,82,545,174,883,277,465,191,243,102,328,164,51,49,59,49,91,81,124,81,3,5
